T+,calib?,armed?,ignition?,apogee?,touchdown?,state,Vbat,ax,ay,az,gx,gy,gz,mx,my,mz,qw,qx,qy,qz,temp,pres,alt,vvel,vaccel,tvc_x,tvc_y,pyro_motor,pyro_parachute
118.415,1,1,0,0,0,ARMED,11.957,-0.232,-0.035,-9.928,-0.001,-0.002,-0.001,-23.488,-12.551,35.917,0.998,-0.002,0,-0.068,37.13,100915.469,0.007,0.05,0.147,-0.185,-0.018,BROKEN,STANDBY
118.467,1,1,0,0,0,ARMED,11.995,-0.232,-0.035,-9.928,-0.002,-0.001,-0.003,-24.217,-13.434,35.857,0.998,-0.002,0,-0.068,37.13,100931.898,0.014,0.061,0.143,-0.124,0.004,BROKEN,STANDBY
118.518,1,1,0,0,0,ARMED,12.018,-0.232,-0.015,-9.928,-0.001,-0.001,-0.003,-22.254,-13.948,35.345,0.998,-0.002,0,-0.068,37.13,100926.141,0.003,0.056,0.145,-0.111,0.02,BROKEN,STANDBY
118.568,1,1,0,0,0,ARMED,12.003,-0.232,-0.035,-9.988,-0.002,0,-0.005,-23.818,-13.028,35.408,0.998,-0.002,0,-0.068,37.12,100918.039,-0.018,0.041,0.147,-0.127,0.037,BROKEN,STANDBY
118.619,1,1,0,0,0,ARMED,11.979,-0.212,-0.035,-9.948,-0.001,0,-0.002,-24.236,-12.092,35.949,0.998,-0.002,0,-0.068,37.13,100921.445,-0.041,0.027,0.153,-0.14,-0.004,BROKEN,STANDBY
118.67,1,1,0,0,0,ARMED,11.988,-0.212,-0.015,-9.988,0.002,-0.001,-0.003,-25.02,-13.869,35.829,0.998,-0.002,0,-0.068,37.14,100923.578,-0.088,-0.008,0.149,-0.118,0.027,BROKEN,STANDBY
118.721,1,1,0,0,0,ARMED,11.976,-0.232,-0.035,-9.948,-0.001,-0.002,-0.003,-24.235,-12.127,35.47,0.998,-0.002,0,-0.068,37.12,100920.391,-0.124,-0.033,0.146,-0.102,-0.012,BROKEN,STANDBY
118.772,1,1,0,0,0,ARMED,11.98,-0.232,-0.035,-9.968,0,0.001,-0.003,-22.272,-12.636,35.026,0.998,-0.002,0,-0.069,37.13,100924.859,-0.125,-0.025,0.147,-0.127,0.01,BROKEN,STANDBY
118.823,1,1,0,0,0,ARMED,11.993,-0.212,-0.035,-9.968,-0.002,0.001,-0.003,-24.648,-11.603,36.458,0.998,-0.002,0,-0.069,37.14,100918.875,-0.102,0.004,0.15,-0.135,-0.004,BROKEN,STANDBY
118.873,1,1,0,0,0,ARMED,11.995,-0.251,-0.015,-9.968,0.002,-0.001,-0.002,-23.811,-13.506,34.968,0.998,-0.002,0,-0.069,37.14,100925.914,-0.061,0.047,0.153,-0.132,-0.014,BROKEN,STANDBY
118.924,1,1,0,0,0,ARMED,11.981,-0.212,-0.015,-9.948,0.001,0,-0.002,-24.238,-12.026,36.837,0.998,-0.002,0,-0.069,37.14,100921.227,-0.078,0.037,0.149,-0.13,-0.012,BROKEN,STANDBY
118.975,1,1,0,0,0,ARMED,12.003,-0.192,-0.015,-9.988,0,-0.001,-0.001,-24.215,-13.535,34.49,0.998,-0.002,0,-0.069,37.13,100924.859,-0.077,0.044,0.147,-0.108,0.02,BROKEN,STANDBY
119.025,1,1,0,0,0,ARMED,11.992,-0.212,-0.035,-9.968,0,0,-0.004,-23.077,-13.005,35.886,0.998,-0.002,0,-0.069,37.13,100921.445,-0.079,0.047,0.154,-0.146,0,BROKEN,STANDBY
119.076,1,1,0,0,0,ARMED,11.988,-0.212,-0.055,-9.948,0.002,-0.001,-0.001,-23.818,-13.028,35.408,0.998,-0.002,0,-0.069,37.14,100918.875,-0.067,0.063,0.152,-0.127,-0.009,BROKEN,STANDBY
119.128,1,1,0,0,0,ARMED,11.965,-0.232,-0.015,-9.948,-0.002,0.001,-0.006,-23.815,-13.339,37.224,0.998,-0.002,0,-0.069,37.14,100928.266,-0.043,0.09,0.149,-0.127,0.042,BROKEN,STANDBY
119.179,1,1,0,0,0,ARMED,11.985,-0.232,-0.035,-9.948,-0.001,-0.002,-0.001,-23.48,-13.064,34.998,0.998,-0.002,0,-0.069,37.13,100927.211,-0.04,0.096,0.154,-0.141,0.022,BROKEN,STANDBY
119.23,1,1,0,0,0,ARMED,12.003,-0.212,-0.055,-9.948,-0.002,-0.001,-0.004,-24.241,-11.71,35.09,0.998,-0.002,0,-0.069,37.13,100919.102,-0.016,0.12,0.149,-0.109,-0.016,BROKEN,STANDBY
119.281,1,1,0,0,0,ARMED,11.992,-0.232,-0.055,-9.968,0,0.001,0.002,-25.052,-11.632,35.98,0.998,-0.002,0,-0.069,37.14,100925.914,-0.018,0.12,0.148,-0.131,0.009,BROKEN,STANDBY
119.331,1,1,0,0,0,ARMED,11.987,-0.212,-0.035,-9.988,-0.003,-0.001,-0.004,-23.824,-12.581,35.439,0.998,-0.002,0,-0.069,37.12,100925.078,-0.033,0.109,0.141,-0.117,0.013,BROKEN,STANDBY
119.382,1,1,0,0,0,ARMED,11.992,-0.212,-0.055,-9.948,-0.002,0,-0.002,-23.824,-12.611,35.029,0.998,-0.002,0,-0.069,37.14,100919.938,-0.057,0.09,0.149,-0.108,-0.013,BROKEN,STANDBY
119.433,1,1,0,0,0,ARMED,11.904,-0.232,-0.055,-9.948,-0.001,-0.001,-0.002,-23.856,-10.344,35.591,0.998,-0.002,0,-0.069,37.14,100925.914,-0.06,0.091,0.15,-0.124,-0.007,BROKEN,STANDBY
119.484,1,1,0,0,0,ARMED,11.973,-0.212,-0.035,-9.948,-0.002,0,-0.001,-23.482,-12.998,35.886,0.998,-0.002,0,-0.07,37.13,100922.508,-0.08,0.076,0.145,-0.122,0.01,BROKEN,STANDBY
119.535,1,1,0,0,0,ARMED,11.984,-0.212,-0.015,-9.948,-0.001,-0.001,-0.003,-24.628,-12.98,35.889,0.998,-0.002,0,-0.07,37.14,100925.914,-0.102,0.06,0.14,-0.125,-0.005,BROKEN,STANDBY
119.587,1,1,0,0,0,ARMED,12,-0.212,-0.055,-9.928,-0.001,0.001,-0.003,-23.47,-13.858,36.304,0.998,-0.002,0,-0.07,37.13,100917.82,-0.1,0.067,0.14,-0.105,-0.01,BROKEN,STANDBY
119.637,1,1,0,0,0,ARMED,11.995,-0.212,-0.035,-9.928,-0.002,-0.001,-0.002,-24.23,-12.539,35.918,0.998,-0.002,0,-0.07,37.13,100922.508,-0.103,0.068,0.142,-0.144,-0.012,BROKEN,STANDBY
119.689,1,1,0,0,0,ARMED,11.98,-0.251,-0.035,-9.908,0.002,0,-0.002,-22.678,-12.599,35.437,0.998,-0.002,0,-0.07,37.13,100920.164,-0.105,0.07,0.141,-0.117,0.013,BROKEN,STANDBY
119.74,1,1,0,0,0,ARMED,11.978,-0.232,-0.035,-9.928,-0.002,-0.001,-0.004,-24.616,-13.839,36.306,0.998,-0.002,0,-0.07,37.13,100920.164,-0.114,0.066,0.142,-0.139,0.03,BROKEN,STANDBY
119.791,1,1,0,0,0,ARMED,11.999,-0.232,-0.035,-9.948,-0.002,0,-0.003,-24.231,-12.473,36.807,0.998,-0.002,0,-0.07,37.13,100924.859,-0.106,0.077,0.141,-0.148,-0.005,BROKEN,STANDBY
119.842,1,1,0,0,0,ARMED,11.968,-0.192,-0.035,-9.928,0.001,0,-0.001,-23.824,-12.581,35.439,0.998,-0.002,0,-0.07,37.14,100922.289,-0.129,0.06,0.142,-0.13,-0.008,BROKEN,STANDBY
119.892,1,1,0,0,0,ARMED,11.966,-0.232,-0.015,-9.948,-0.002,0.001,-0.004,-24.622,-13.428,35.858,0.998,-0.002,0,-0.07,37.13,100924.859,-0.126,0.067,0.14,-0.127,0.015,BROKEN,STANDBY
119.943,1,1,0,0,0,ARMED,11.985,-0.232,-0.035,-9.948,0.001,0,-0.002,-24.25,-11.162,36.488,0.998,-0.002,0,-0.07,37.14,100922.289,-0.125,0.072,0.139,-0.126,-0.005,BROKEN,STANDBY
119.994,1,1,0,0,0,ARMED,11.957,-0.212,-0.035,-9.948,0,-0.001,-0.003,-24.621,-13.463,35.38,0.998,-0.002,0,-0.07,37.13,100924.859,-0.085,0.112,0.14,-0.131,0.007,BROKEN,STANDBY
120.045,1,1,0,0,0,ARMED,11.963,-0.212,-0.035,-9.948,-0.003,0.001,-0.003,-23.813,-13.405,36.335,0.998,-0.002,0,-0.07,37.14,100924.641,-0.031,0.162,0.145,-0.117,-0.004,BROKEN,STANDBY
120.096,1,1,0,0,0,ARMED,11.998,-0.232,-0.035,-9.948,-0.002,0.001,-0.003,-23.434,-11.627,36.388,0.998,-0.002,0,-0.07,37.13,100922.508,-0.024,0.168,0.148,-0.111,-0.005,BROKEN,STANDBY
120.147,1,1,0,0,0,ARMED,12.001,-0.232,-0.035,-9.948,-0.004,0,-0.002,-25.45,-12.073,35.951,0.998,-0.002,0,-0.07,37.13,100920.164,-0.052,0.142,0.144,-0.125,0.009,BROKEN,STANDBY
120.198,1,1,0,0,0,ARMED,11.992,-0.212,-0.035,-9.928,-0.001,-0.002,-0.003,-24.224,-12.951,36.366,0.998,-0.002,0,-0.07,37.14,100921.008,-0.081,0.117,0.152,-0.117,-0.011,BROKEN,STANDBY
120.248,1,1,0,0,0,ARMED,11.988,-0.232,-0.015,-9.948,-0.002,0,-0.003,-24.634,-12.568,35.44,0.998,-0.002,0,-0.071,37.14,100928.266,-0.121,0.083,0.153,-0.121,-0.013,BROKEN,STANDBY
120.299,1,1,0,0,0,ARMED,11.981,-0.212,-0.035,-9.968,0.004,-0.001,0,-23.83,-12.164,35.059,0.998,-0.002,0,-0.071,37.14,100924.641,-0.155,0.057,0.153,-0.115,-0.002,BROKEN,STANDBY
120.35,1,1,0,0,0,ARMED,11.978,-0.212,-0.055,-9.948,0,-0.001,-0.001,-20.663,-12.113,36.421,0.998,-0.002,0,-0.071,37.14,100931.68,-0.188,0.032,0.149,-0.137,-0.005,BROKEN,STANDBY
120.401,1,1,0,0,0,ARMED,11.977,-0.212,-0.035,-9.968,-0.002,0.001,-0.002,-23.509,-11.143,36.897,0.997,-0.002,0,-0.071,37.14,100925.914,-0.183,0.042,0.153,-0.108,0.035,BROKEN,STANDBY
120.453,1,1,0,0,0,ARMED,12.002,-0.212,-0.035,-9.968,-0.003,0.001,-0.003,-24.636,-12.462,36.876,0.997,-0.002,0,-0.071,37.14,100928.047,-0.171,0.059,0.147,-0.113,0.013,BROKEN,STANDBY
120.504,1,1,0,0,0,ARMED,11.995,-0.212,-0.035,-9.948,0,-0.001,-0.004,-25.859,-11.685,35.093,0.997,-0.002,0,-0.071,37.14,100922.289,-0.181,0.054,0.144,-0.133,0.009,BROKEN,STANDBY
120.554,1,1,0,0,0,ARMED,11.981,-0.232,-0.015,-9.948,0,0,-0.002,-22.693,-11.603,36.865,0.997,-0.002,0,-0.071,37.14,100917.602,-0.147,0.089,0.144,-0.124,0.017,BROKEN,STANDBY
120.605,1,1,0,0,0,ARMED,11.988,-0.212,-0.035,-9.968,-0.001,0,-0.003,-24.222,-13.052,34.999,0.997,-0.002,0,-0.071,37.14,100921.227,-0.094,0.139,0.146,-0.132,0.001,BROKEN,STANDBY
120.656,1,1,0,0,0,ARMED,11.985,-0.192,-0.055,-9.968,0,0,-0.003,-23.837,-11.686,35.5,0.997,-0.002,0,-0.071,37.13,100920.164,-0.081,0.152,0.149,-0.11,0.002,BROKEN,STANDBY
120.707,1,1,0,0,0,ARMED,11.998,-0.212,-0.035,-9.968,-0.001,-0.001,-0.002,-26.27,-11.266,34.646,0.997,-0.002,0.001,-0.071,37.14,100921.227,-0.067,0.165,0.153,-0.113,-0.039,BROKEN,STANDBY
120.758,1,1,0,0,0,ARMED,11.984,-0.232,-0.035,-9.968,-0.002,-0.001,-0.002,-24.236,-12.092,35.949,0.997,-0.002,0,-0.071,37.14,100925.695,-0.074,0.159,0.156,-0.135,0.007,BROKEN,STANDBY
120.809,1,1,0,0,0,ARMED,11.989,-0.232,-0.035,-9.968,-0.001,0,-0.003,-23.831,-12.134,35.469,0.997,-0.002,0,-0.071,37.14,100922.289,-0.092,0.143,0.153,-0.105,-0.009,BROKEN,STANDBY
120.86,1,1,0,0,0,ARMED,11.996,-0.232,-0.055,-9.988,-0.001,0,-0.003,-24.632,-12.634,34.551,0.997,-0.002,0,-0.071,37.14,100919.938,-0.131,0.109,0.161,-0.116,0.012,BROKEN,STANDBY
120.911,1,1,0,0,0,ARMED,11.991,-0.232,-0.035,-9.948,-0.001,-0.001,-0.001,-22.281,-12.087,36.424,0.997,-0.002,0,-0.071,37.14,100924.641,-0.148,0.097,0.153,-0.125,0.035,BROKEN,STANDBY
120.962,1,1,0,0,0,ARMED,11.98,-0.212,-0.035,-9.948,-0.002,-0.001,-0.001,-24.224,-12.951,36.366,0.997,-0.002,0,-0.071,37.15,100929.109,-0.169,0.081,0.15,-0.108,0.004,BROKEN,STANDBY
121.012,1,1,0,0,0,ARMED,11.992,-0.232,-0.035,-9.948,-0.002,-0.001,-0.001,-24.246,-11.298,34.642,0.997,-0.002,0,-0.071,37.14,100921.008,-0.173,0.082,0.145,-0.112,-0.006,BROKEN,STANDBY
121.064,1,1,0,0,0,ARMED,11.999,-0.212,-0.035,-9.968,0,-0.002,-0.003,-25.051,-11.667,35.502,0.997,-0.002,0,-0.071,37.14,100921.008,-0.151,0.104,0.148,-0.113,-0.002,BROKEN,STANDBY
121.114,1,1,0,0,0,ARMED,12.011,-0.212,-0.035,-9.988,-0.001,-0.003,-0.003,-24.627,-13.016,35.41,0.997,-0.002,0,-0.072,37.14,100923.352,-0.137,0.12,0.153,-0.129,-0.008,BROKEN,STANDBY
121.166,1,1,0,0,0,ARMED,12.006,-0.212,-0.035,-9.968,0,0,-0.002,-23.478,-13.135,34.04,0.997,-0.002,0,-0.072,37.16,100933.578,-0.138,0.12,0.148,-0.144,0.025,BROKEN,STANDBY
121.216,1,1,0,0,0,ARMED,11.98,-0.232,-0.035,-9.968,0,-0.001,-0.003,-23.837,-11.686,35.5,0.997,-0.002,0,-0.072,37.14,100930.391,-0.19,0.076,0.159,-0.143,-0.002,BROKEN,STANDBY
121.266,1,1,0,0,0,ARMED,11.999,-0.192,-0.075,-9.968,-0.001,-0.001,-0.002,-23.842,-11.305,34.641,0.997,-0.002,0,-0.072,37.14,100921.008,-0.21,0.062,0.16,-0.122,-0.006,BROKEN,STANDBY
121.317,1,1,0,0,0,ARMED,12.001,-0.232,-0.035,-9.948,0,-0.001,-0.002,-25.044,-12.145,35.061,0.997,-0.002,0,-0.072,37.15,100929.109,-0.215,0.064,0.149,-0.119,0,BROKEN,STANDBY
121.368,1,1,0,0,0,ARMED,11.97,-0.232,-0.035,-9.948,-0.001,-0.001,-0.001,-24.249,-11.197,36.009,0.997,-0.002,0,-0.072,37.14,100925.695,-0.191,0.09,0.147,-0.128,-0.005,BROKEN,STANDBY
121.419,1,1,0,0,0,ARMED,11.996,-0.232,-0.015,-9.948,-0.001,-0.001,-0.005,-23.81,-13.542,34.489,0.997,-0.002,0,-0.072,37.15,100925.477,-0.149,0.131,0.151,-0.131,-0.02,BROKEN,STANDBY
121.47,1,1,0,0,0,ARMED,11.985,-0.232,-0.035,-9.948,-0.001,-0.001,-0.001,-23.832,-12.063,36.426,0.997,-0.003,0,-0.072,37.15,100929.109,-0.125,0.154,0.147,-0.166,0.009,BROKEN,STANDBY
121.521,1,1,0,0,0,ARMED,11.991,-0.192,-0.055,-9.948,0.002,-0.001,0,-24.274,-9.438,35.721,0.997,-0.002,0,-0.072,37.14,100915.25,-0.115,0.163,0.155,-0.118,-0.007,BROKEN,STANDBY
121.572,1,1,0,0,0,ARMED,12.003,-0.212,-0.055,-9.968,0,-0.001,-0.003,-23.493,-12.139,35.469,0.997,-0.002,0,-0.072,37.14,100926.977,-0.145,0.137,0.153,-0.13,0.024,BROKEN,STANDBY
121.622,1,1,0,0,0,ARMED,11.976,-0.192,-0.035,-9.928,-0.004,-0.001,-0.005,-24.243,-11.609,36.458,0.997,-0.002,0,-0.072,37.14,100928.047,-0.168,0.118,0.153,-0.127,-0.024,BROKEN,STANDBY
121.674,1,1,0,0,0,ARMED,11.973,-0.232,-0.035,-9.988,0,0,-0.002,-24.628,-12.98,35.889,0.997,-0.002,0,-0.072,37.14,100923.352,-0.201,0.09,0.145,-0.133,0.03,BROKEN,STANDBY
121.725,1,1,0,0,0,ARMED,11.992,-0.232,-0.055,-9.948,-0.001,0.001,-0.003,-24.235,-12.158,35.06,0.997,-0.003,0,-0.072,37.15,100924.406,-0.216,0.08,0.144,-0.152,-0.01,BROKEN,STANDBY
121.776,1,1,0,0,0,ARMED,11.974,-0.212,-0.035,-9.968,-0.002,0.001,-0.003,-22.691,-11.704,35.497,0.997,-0.002,0,-0.072,37.14,100921.008,-0.195,0.102,0.143,-0.132,0.02,BROKEN,STANDBY
121.827,1,1,0,0,0,ARMED,11.969,-0.232,-0.035,-9.948,0,0.001,-0.002,-23.825,-12.546,35.917,0.997,-0.002,0,-0.073,37.15,100927.828,-0.128,0.165,0.145,-0.119,0.011,BROKEN,STANDBY
121.878,1,1,0,0,0,ARMED,11.972,-0.212,-0.035,-9.948,-0.001,0,-0.005,-24.652,-11.256,35.121,0.997,-0.002,0,-0.073,37.15,100929.109,-0.118,0.174,0.148,-0.11,0.001,BROKEN,STANDBY
121.928,1,1,0,0,0,ARMED,11.992,-0.232,-0.055,-9.948,-0.002,0.002,-0.001,-24.239,-11.781,34.133,0.997,-0.002,0,-0.073,37.15,100926.758,-0.138,0.155,0.145,-0.117,-0.013,BROKEN,STANDBY
121.979,1,1,0,0,0,ARMED,11.984,-0.232,-0.035,-9.968,0,0.001,-0.001,-25.43,-13.45,35.381,0.997,-0.002,0,-0.073,37.15,100922.07,-0.16,0.135,0.145,-0.125,0.01,BROKEN,STANDBY
122.03,1,1,0,0,0,ARMED,11.991,-0.212,-0.055,-9.988,-0.001,0.001,-0.002,-25.438,-12.932,36.369,0.997,-0.002,0,-0.073,37.14,100928.047,-0.177,0.121,0.149,-0.118,0.001,BROKEN,STANDBY
122.081,1,1,0,0,0,ARMED,11.985,-0.251,-0.055,-9.988,-0.001,0,-0.001,-25.05,-11.697,35.092,0.997,-0.002,0.001,-0.073,37.14,100918.656,-0.191,0.111,0.147,-0.106,-0.025,BROKEN,STANDBY
122.132,1,1,0,0,0,ARMED,11.981,-0.232,-0.055,-9.968,0.001,0.001,-0.004,-24.217,-13.434,35.857,0.997,-0.002,0,-0.073,37.14,100924.641,-0.189,0.114,0.149,-0.105,0,BROKEN,STANDBY
122.183,1,1,0,0,0,ARMED,11.992,-0.232,-0.035,-9.948,-0.001,-0.001,-0.004,-23.494,-12.103,35.947,0.997,-0.002,0,-0.073,37.15,100930.164,-0.226,0.083,0.147,-0.125,-0.016,BROKEN,STANDBY
122.234,1,1,0,0,0,ARMED,11.978,-0.251,-0.055,-9.988,-0.001,0,-0.003,-24.235,-12.158,35.06,0.997,-0.003,0,-0.073,37.15,100925.477,-0.27,0.048,0.15,-0.151,0.013,BROKEN,STANDBY
122.284,1,1,0,0,0,ARMED,11.973,-0.212,-0.035,-9.948,-0.002,0,-0.002,-24.635,-12.497,36.398,0.997,-0.002,0,-0.073,37.14,100930.391,-0.277,0.046,0.16,-0.123,0.014,BROKEN,STANDBY
122.335,1,1,0,0,0,ARMED,11.988,-0.192,-0.015,-9.948,-0.002,0.001,-0.002,-24.613,-13.976,34.46,0.997,-0.002,0,-0.073,37.15,100915.031,-0.279,0.051,0.153,-0.111,-0.016,BROKEN,STANDBY
122.386,1,1,0,0,0,ARMED,11.98,-0.232,-0.035,-9.908,-0.001,0.002,-0.003,-23.826,-12.51,36.396,0.997,-0.002,0,-0.073,37.15,100924.406,-0.255,0.076,0.152,-0.121,-0.013,BROKEN,STANDBY
122.437,1,1,0,0,0,ARMED,11.988,-0.212,-0.055,-9.928,0,-0.001,-0.003,-24.62,-13.493,34.969,0.997,-0.002,0,-0.073,37.15,100927.828,-0.224,0.108,0.138,-0.109,-0.009,BROKEN,STANDBY
122.488,1,1,0,0,0,ARMED,11.997,-0.212,-0.055,-9.968,-0.001,-0.001,-0.002,-23.501,-11.656,35.978,0.997,-0.002,0,-0.073,37.15,100925.477,-0.209,0.124,0.145,-0.119,0.041,BROKEN,STANDBY
122.539,1,1,0,0,0,ARMED,11.981,-0.212,-0.055,-9.948,-0.002,0.001,-0.003,-23.829,-12.409,37.764,0.997,-0.002,0,-0.073,37.15,100924.406,-0.213,0.122,0.155,-0.117,-0.018,BROKEN,STANDBY
122.589,1,1,0,0,0,ARMED,12.003,-0.212,-0.015,-9.908,-0.003,0.001,-0.003,-24.642,-12.02,36.838,0.997,-0.002,0,-0.074,37.16,100921.836,-0.238,0.102,0.148,-0.131,0.011,BROKEN,STANDBY
122.64,1,1,0,0,0,ARMED,12.001,-0.212,-0.015,-9.968,-0.003,0,-0.003,-25.031,-13.04,35,0.997,-0.002,0,-0.074,37.15,100923.125,-0.236,0.107,0.15,-0.108,-0.009,BROKEN,STANDBY
122.691,1,1,0,0,0,ARMED,11.999,-0.212,-0.035,-9.968,0,0,-0.002,-23.083,-12.557,35.916,0.997,-0.002,0,-0.074,37.15,100920.781,-0.226,0.118,0.147,-0.125,-0.003,BROKEN,STANDBY
122.742,1,1,0,0,0,ARMED,11.969,-0.212,-0.035,-9.948,0,0,-0.001,-24.227,-12.64,34.551,0.997,-0.002,0,-0.074,37.16,100924.188,-0.225,0.121,0.149,-0.131,-0.007,BROKEN,STANDBY
122.793,1,1,0,0,0,ARMED,11.981,-0.232,-0.015,-9.948,-0.001,0.001,-0.001,-23.831,-12.134,35.469,0.997,-0.003,0,-0.074,37.15,100924.406,-0.228,0.12,0.153,-0.153,-0.006,BROKEN,STANDBY
122.844,1,1,0,0,0,ARMED,11.98,-0.212,-0.055,-9.928,0.001,0,-0.002,-25.045,-12.079,35.95,0.997,-0.003,0,-0.074,37.16,100929.945,-0.237,0.115,0.156,-0.147,-0.005,BROKEN,STANDBY
122.894,1,1,0,0,0,ARMED,11.978,-0.212,-0.015,-9.968,0.001,0,-0.002,-23.083,-12.588,35.506,0.997,-0.003,0,-0.074,37.14,100928.047,-0.265,0.091,0.148,-0.154,0.013,BROKEN,STANDBY
122.945,1,1,0,0,0,ARMED,11.981,-0.251,-0.055,-9.968,0,0,0,-24.235,-12.122,35.538,0.997,-0.002,0,-0.074,37.15,100925.477,-0.297,0.066,0.152,-0.124,0.008,BROKEN,STANDBY
122.996,1,1,0,0,0,ARMED,11.988,-0.232,-0.035,-9.948,-0.001,-0.001,-0.003,-23.474,-13.511,34.967,0.997,-0.002,0,-0.074,37.16,100924.188,-0.311,0.058,0.153,-0.139,0.024,BROKEN,STANDBY
123.046,1,1,0,0,0,ARMED,11.977,-0.212,-0.015,-9.968,-0.003,-0.001,-0.003,-25.052,-11.632,35.98,0.997,-0.003,0,-0.074,37.16,100926.539,-0.319,0.055,0.149,-0.154,-0.001,BROKEN,STANDBY
123.097,1,1,0,0,0,ARMED,11.972,-0.212,-0.035,-9.948,-0.002,0,-0.003,-24.241,-11.71,35.09,0.997,-0.003,0,-0.074,37.16,100926.539,-0.331,0.051,0.149,-0.146,0.016,BROKEN,STANDBY
123.148,1,1,0,0,0,ARMED,11.966,-0.232,-0.015,-9.948,0,0,-0.002,-24.223,-13.022,35.409,0.997,-0.002,0,-0.074,37.15,100924.406,-0.314,0.071,0.144,-0.149,-0.01,BROKEN,STANDBY
123.199,1,1,0,0,0,ARMED,11.972,-0.212,-0.035,-9.968,-0.001,-0.001,-0.003,-25.045,-12.079,35.95,0.997,-0.002,0,-0.074,37.15,100930.164,-0.292,0.095,0.144,-0.143,-0.009,BROKEN,STANDBY
123.251,1,1,0,0,0,ARMED,11.985,-0.212,-0.035,-9.968,-0.003,0,-0.004,-23.832,-12.063,36.426,0.997,-0.002,0,-0.074,37.15,100923.125,-0.243,0.141,0.146,-0.14,-0.008,BROKEN,STANDBY
123.301,1,1,0,0,0,ARMED,11.988,-0.192,-0.035,-9.968,-0.002,0,-0.002,-25.033,-12.974,35.889,0.997,-0.003,0,-0.074,37.15,100916.086,-0.185,0.194,0.148,-0.168,-0.014,BROKEN,STANDBY
123.352,1,1,0,0,0,ARMED,11.988,-0.251,-0.035,-9.968,-0.001,0,-0.002,-24.244,-11.579,36.868,0.997,-0.002,0,-0.074,37.16,100927.602,-0.123,0.248,0.15,-0.134,0.012,BROKEN,STANDBY
123.404,1,1,0,0,0,ARMED,11.996,-0.251,-0.055,-9.988,0.002,-0.001,-0.002,-25.043,-12.18,34.583,0.997,-0.002,0,-0.074,37.16,100932.289,-0.105,0.261,0.151,-0.124,0.029,BROKEN,STANDBY
123.455,1,1,0,0,0,ARMED,12.011,-0.212,-0.015,-9.968,0.002,0,-0.003,-24.222,-13.052,34.999,0.997,-0.002,0,-0.075,37.16,100933.578,-0.141,0.224,0.148,-0.083,0.001,BROKEN,STANDBY
123.506,1,1,0,0,0,ARMED,11.995,-0.212,-0.035,-9.968,-0.001,-0.002,-0.003,-25.464,-11.112,36.9,0.997,-0.002,0,-0.075,37.15,100925.477,-0.215,0.155,0.145,-0.122,0.001,BROKEN,STANDBY
123.557,1,1,0,0,0,ARMED,11.989,-0.232,-0.015,-9.948,0,0.001,-0.002,-24.634,-12.568,35.44,0.997,-0.002,0,-0.075,37.16,100927.602,-0.231,0.142,0.151,-0.142,0.018,BROKEN,STANDBY
123.608,1,1,0,0,0,ARMED,12.007,-0.212,-0.035,-9.928,-0.001,-0.001,-0.003,-24.235,-12.127,35.47,0.997,-0.002,0,-0.075,37.15,100925.477,-0.199,0.172,0.153,-0.138,0.048,BROKEN,STANDBY
123.659,1,1,0,0,0,ARMED,11.995,-0.251,-0.035,-9.948,-0.002,-0.001,-0.003,-24.634,-12.533,35.919,0.997,-0.002,0,-0.075,37.16,100920.555,-0.179,0.189,0.156,-0.108,0.006,BROKEN,STANDBY
123.71,1,1,0,0,0,ARMED,11.98,-0.232,-0.015,-9.948,-0.001,0.001,-0.004,-25.057,-11.215,35.601,0.997,-0.002,0,-0.075,37.16,100925.25,-0.196,0.173,0.153,-0.144,0.012,BROKEN,STANDBY
123.761,1,1,0,0,0,ARMED,11.988,-0.232,-0.035,-9.928,0,0.001,-0.002,-24.626,-13.046,35,0.997,-0.002,0,-0.075,37.17,100926.32,-0.209,0.161,0.149,-0.13,0.003,BROKEN,STANDBY
123.812,1,1,0,0,0,ARMED,11.989,-0.212,-0.035,-9.928,-0.001,-0.001,-0.002,-23.502,-11.621,36.456,0.997,-0.003,0,-0.075,37.17,100921.617,-0.204,0.166,0.145,-0.155,0.016,BROKEN,STANDBY
123.863,1,1,0,0,0,ARMED,11.964,-0.232,-0.035,-9.908,0.001,0,-0.001,-25.45,-12.073,35.951,0.997,-0.002,0,-0.075,37.16,100919.5,-0.2,0.168,0.144,-0.102,-0.008,BROKEN,STANDBY
123.913,1,1,0,0,0,ARMED,11.988,-0.212,-0.055,-9.908,-0.002,0,-0.004,-23.822,-12.677,34.14,0.997,-0.002,0,-0.075,37.17,100928.656,-0.178,0.188,0.14,-0.126,0.001,BROKEN,STANDBY
123.964,1,1,0,0,0,ARMED,11.98,-0.232,0.005,-9.948,-0.005,0,-0.003,-23.074,-13.106,34.518,0.997,-0.002,0,-0.075,37.16,100929.945,-0.197,0.169,0.141,-0.15,0.012,BROKEN,STANDBY
124.015,1,1,0,0,0,ARMED,11.992,-0.212,-0.035,-9.928,-0.002,0,-0.003,-22.686,-12.081,36.424,0.997,-0.003,0,-0.075,37.16,100925.25,-0.18,0.184,0.149,-0.15,-0.015,BROKEN,STANDBY
124.065,1,1,0,0,0,ARMED,12.007,-0.212,-0.035,-9.968,0.001,0.001,-0.002,-25.032,-13.009,35.411,0.997,-0.002,0.001,-0.075,37.17,100934.414,-0.191,0.173,0.147,-0.148,-0.029,BROKEN,STANDBY
124.116,1,1,0,0,0,ARMED,11.981,-0.212,-0.035,-9.968,-0.003,-0.001,-0.003,-26.231,-13.981,34.053,0.997,-0.003,0,-0.075,37.16,100929.945,-0.231,0.136,0.148,-0.153,0.01,BROKEN,STANDBY
124.167,1,1,0,0,0,ARMED,11.98,-0.212,-0.035,-9.948,0.001,0.001,-0.001,-23.089,-12.14,35.536,0.997,-0.003,0,-0.076,37.16,100925.25,-0.261,0.112,0.148,-0.152,0.004,BROKEN,STANDBY
124.219,1,1,0,0,0,ARMED,11.984,-0.232,-0.035,-9.948,-0.001,-0.001,-0.003,-24.218,-13.398,36.336,0.997,-0.002,0,-0.076,37.17,100922.68,-0.287,0.09,0.145,-0.125,0.029,BROKEN,STANDBY
124.27,1,1,0,0,0,ARMED,12.003,-0.212,0.005,-9.968,0.001,0,-0.003,-23.843,-11.239,35.53,0.997,-0.003,0,-0.076,37.17,100919.281,-0.317,0.066,0.144,-0.16,0.001,BROKEN,STANDBY
124.32,1,1,0,0,0,ARMED,11.988,-0.232,-0.015,-9.948,-0.003,-0.002,-0.003,-24.653,-11.221,35.6,0.997,-0.002,0,-0.076,37.17,100933.359,-0.324,0.064,0.146,-0.113,0.004,BROKEN,STANDBY
124.37,1,1,0,0,0,ARMED,11.965,-0.192,-0.035,-9.988,-0.001,0,-0.001,-25.04,-12.491,36.398,0.997,-0.002,0,-0.076,37.17,100923.969,-0.332,0.061,0.146,-0.121,0.015,BROKEN,STANDBY
124.421,1,1,0,0,0,ARMED,11.995,-0.251,-0.035,-9.968,-0.002,0,-0.002,-24.217,-13.434,35.857,0.997,-0.003,0,-0.076,37.17,100919.281,-0.337,0.061,0.15,-0.146,0.019,BROKEN,STANDBY
124.472,1,1,0,0,0,ARMED,11.988,-0.212,-0.015,-9.968,-0.001,0.001,-0.003,-23.837,-11.681,35.568,0.997,-0.003,0,-0.076,37.17,100925.031,-0.32,0.081,0.151,-0.143,0.02,BROKEN,STANDBY
124.524,1,1,0,0,0,ARMED,11.999,-0.232,-0.015,-9.968,-0.002,0,-0.003,-23.824,-12.611,35.029,0.997,-0.003,0,-0.076,37.17,100928.656,-0.284,0.117,0.151,-0.164,0.024,BROKEN,STANDBY
124.575,1,1,0,0,0,ARMED,11.976,-0.232,-0.015,-9.968,-0.001,0,-0.003,-25.058,-11.184,36.011,0.997,-0.002,0,-0.076,37.17,100928.656,-0.276,0.126,0.156,-0.143,0.017,BROKEN,STANDBY
124.626,1,1,0,0,0,ARMED,11.968,-0.212,-0.015,-9.928,0,0,-0.002,-25.033,-12.974,35.889,0.997,-0.002,0,-0.076,37.17,100928.656,-0.273,0.132,0.158,-0.13,0.023,BROKEN,STANDBY
124.677,1,1,0,0,0,ARMED,11.986,-0.232,-0.035,-9.948,-0.004,0,-0.001,-24.649,-11.567,36.937,0.997,-0.002,0,-0.076,37.17,100922.68,-0.272,0.134,0.154,-0.115,0.022,BROKEN,STANDBY
124.727,1,1,0,0,0,ARMED,11.961,-0.212,-0.035,-9.968,0.001,0,-0.003,-25.026,-13.452,35.449,0.997,-0.002,0,-0.076,37.17,100927.375,-0.258,0.149,0.155,-0.143,0.008,BROKEN,STANDBY
124.779,1,1,0,0,0,ARMED,11.999,-0.232,-0.035,-9.948,-0.001,0,-0.003,-23.892,-12.575,35.507,0.997,-0.002,0,-0.076,37.17,100925.031,-0.279,0.13,0.151,-0.136,0.029,BROKEN,STANDBY
124.829,1,1,0,0,0,ARMED,12,-0.212,-0.035,-9.928,-0.003,-0.001,-0.003,-23.812,-13.471,35.446,0.997,-0.002,0,-0.076,37.16,100922.906,-0.265,0.145,0.156,-0.127,0.024,BROKEN,STANDBY
124.881,1,1,0,0,0,ARMED,11.971,-0.251,-0.035,-9.948,-0.001,0,-0.001,-24.634,-12.563,35.509,0.997,-0.002,0,-0.076,37.17,100928.656,-0.25,0.16,0.153,-0.143,0.015,BROKEN,STANDBY
124.932,1,1,0,0,0,ARMED,11.988,-0.232,-0.035,-9.968,0,-0.001,-0.003,-23.481,-13.029,35.476,0.997,-0.002,0,-0.076,37.18,100923.75,-0.167,0.234,0.15,-0.144,0.023,BROKEN,STANDBY
124.983,1,1,0,0,0,ARMED,12,-0.232,-0.035,-9.948,-0.001,-0.001,-0.004,-25.842,-12.961,35.891,0.997,-0.002,0,-0.077,37.17,100920.336,-0.133,0.261,0.15,-0.127,0.009,BROKEN,STANDBY
125.034,1,1,0,0,0,ARMED,12.011,-0.212,-0.035,-9.928,0.001,0.001,-0.003,-23.837,-11.681,35.568,0.997,-0.002,0,-0.077,37.17,100932.07,-0.139,0.251,0.145,-0.127,0.01,BROKEN,STANDBY
125.084,1,1,0,0,0,ARMED,12,-0.212,-0.015,-9.928,0.001,-0.001,-0.001,-23.482,-12.998,35.886,0.997,-0.003,0,-0.077,37.17,100921.617,-0.205,0.188,0.153,-0.156,0.011,BROKEN,STANDBY
125.135,1,1,0,0,0,ARMED,11.981,-0.232,-0.035,-9.948,-0.001,-0.001,-0.002,-23.816,-13.094,34.52,0.997,-0.002,0,-0.077,37.18,100923.75,-0.248,0.149,0.145,-0.123,-0.001,BROKEN,STANDBY
125.186,1,1,0,0,0,ARMED,11.981,-0.212,-0.035,-9.988,-0.005,-0.001,-0.004,-24.64,-12.116,35.539,0.997,-0.002,0,-0.077,37.18,100924.805,-0.239,0.157,0.151,-0.132,-0.012,BROKEN,STANDBY
125.238,1,1,0,0,0,ARMED,11.984,-0.212,-0.055,-9.948,0,0,0.001,-24.641,-12.085,35.949,0.997,-0.002,0,-0.077,37.17,100928.656,-0.175,0.215,0.159,-0.132,-0.007,BROKEN,STANDBY
125.289,1,1,0,0,0,ARMED,11.976,-0.212,-0.015,-9.928,-0.001,0,-0.002,-23.078,-12.969,36.364,0.997,-0.003,0,-0.077,37.18,100923.75,-0.155,0.231,0.152,-0.153,-0.014,BROKEN,STANDBY
125.34,1,1,0,0,0,ARMED,11.992,-0.212,-0.055,-9.968,-0.002,-0.001,-0.001,-25.431,-13.415,35.86,0.997,-0.002,0,-0.077,37.18,100922.461,-0.142,0.24,0.145,-0.135,-0.009,BROKEN,STANDBY
125.391,1,1,0,0,0,ARMED,11.989,-0.251,-0.035,-9.948,-0.001,-0.001,-0.002,-23.838,-11.651,35.978,0.997,-0.002,0,-0.077,37.18,100933.141,-0.142,0.236,0.143,-0.126,0.011,BROKEN,STANDBY
125.443,1,1,0,0,0,ARMED,11.992,-0.232,-0.035,-9.968,-0.003,-0.001,-0.002,-23.477,-13.375,36.813,0.997,-0.002,0,-0.077,37.18,100931.852,-0.175,0.203,0.144,-0.132,0.021,BROKEN,STANDBY
125.494,1,1,0,0,0,ARMED,12,-0.232,-0.035,-9.968,-0.001,-0.001,-0.002,-24.628,-12.98,35.889,0.997,-0.003,0,-0.077,37.18,100919.047,-0.238,0.145,0.146,-0.148,0.03,BROKEN,STANDBY
125.545,1,1,0,0,0,ARMED,11.969,-0.232,-0.015,-9.968,-0.001,0,-0.001,-23.832,-12.098,35.948,0.997,-0.002,0,-0.077,37.18,100930.789,-0.25,0.135,0.15,-0.118,0,BROKEN,STANDBY
125.596,1,1,0,0,0,ARMED,11.979,-0.212,-0.015,-9.968,0.001,0.001,-0.004,-24.243,-11.644,35.979,0.997,-0.002,0,-0.077,37.19,100932.906,-0.297,0.094,0.151,-0.127,-0.011,BROKEN,STANDBY
125.646,1,1,0,0,0,ARMED,11.992,-0.232,-0.035,-9.948,-0.003,-0.001,-0.001,-23.887,-12.956,36.366,0.997,-0.002,0,-0.077,37.17,100925.031,-0.347,0.052,0.153,-0.126,0.023,BROKEN,STANDBY
125.697,1,1,0,0,0,ARMED,11.973,-0.212,-0.035,-9.948,-0.001,-0.001,-0.002,-23.88,-13.439,35.857,0.997,-0.002,0,-0.077,37.18,100923.75,-0.375,0.033,0.15,-0.135,0.028,BROKEN,STANDBY
125.748,1,1,0,0,0,ARMED,11.989,-0.212,-0.015,-9.948,0,0,-0.002,-24.217,-13.434,35.857,0.997,-0.002,0,-0.077,37.17,100925.031,-0.389,0.027,0.152,-0.136,0.003,BROKEN,STANDBY
125.799,1,1,0,0,0,ARMED,11.986,-0.192,-0.015,-9.968,0,-0.002,-0.004,-24.223,-12.987,35.888,0.997,-0.002,0,-0.077,37.18,100921.398,-0.399,0.025,0.146,-0.108,0.023,BROKEN,STANDBY
125.85,1,1,0,0,0,ARMED,11.972,-0.232,-0.055,-9.968,-0.001,0,-0.003,-23.476,-13.41,36.335,0.997,-0.002,0,-0.078,37.18,100931.852,-0.372,0.055,0.149,-0.135,0.012,BROKEN,STANDBY
125.901,1,1,0,0,0,ARMED,11.981,-0.251,-0.015,-9.988,-0.002,-0.002,-0.002,-23.89,-12.646,34.55,0.997,-0.002,0,-0.078,37.18,100923.75,-0.332,0.095,0.142,-0.131,0.002,BROKEN,STANDBY
125.952,1,1,0,0,0,ARMED,11.99,-0.212,-0.035,-9.988,-0.001,-0.001,-0.002,-25.43,-13.445,35.449,0.997,-0.002,0,-0.078,37.18,100924.805,-0.308,0.119,0.148,-0.138,0.03,BROKEN,STANDBY
126.004,1,1,0,0,0,ARMED,11.98,-0.232,-0.035,-9.948,-0.003,0.001,-0.002,-24.25,-11.162,36.488,0.997,-0.003,0,-0.078,37.18,100928.438,-0.274,0.151,0.147,-0.145,0.022,BROKEN,STANDBY
126.055,1,1,0,0,0,ARMED,11.992,-0.232,-0.015,-9.928,-0.001,0.001,-0.003,-22.677,-12.629,35.026,0.997,-0.003,0,-0.078,37.18,100929.5,-0.285,0.142,0.143,-0.143,0.027,BROKEN,STANDBY
126.106,1,1,0,0,0,ARMED,11.981,-0.232,-0.035,-9.968,-0.002,-0.001,-0.005,-23.82,-12.957,36.366,0.997,-0.003,0,-0.078,37.18,100927.148,-0.281,0.146,0.145,-0.146,0.001,BROKEN,STANDBY
126.157,1,1,0,0,0,ARMED,12.001,-0.232,-0.015,-9.968,-0.004,0,-0.005,-23.861,-14.737,35.361,0.997,-0.003,0,-0.078,37.18,100926.086,-0.268,0.158,0.148,-0.149,0.004,BROKEN,STANDBY
126.208,1,1,0,0,0,ARMED,12.004,-0.212,-0.055,-9.928,-0.002,0,-0.003,-22.677,-12.629,35.026,0.997,-0.002,0,-0.078,37.18,100924.805,-0.252,0.172,0.15,-0.136,0.022,BROKEN,STANDBY
126.258,1,1,0,0,0,ARMED,11.96,-0.212,-0.035,-9.968,-0.001,0.001,0,-23.089,-12.14,35.536,0.997,-0.003,0,-0.078,37.18,100930.789,-0.258,0.167,0.149,-0.169,0.039,BROKEN,STANDBY
126.309,1,1,0,0,0,ARMED,11.996,-0.232,-0.035,-9.948,-0.002,-0.001,-0.003,-23.807,-13.852,36.305,0.997,-0.002,0,-0.078,37.19,100930.57,-0.244,0.179,0.142,-0.139,0.018,BROKEN,STANDBY
126.36,1,1,0,0,0,ARMED,11.988,-0.212,-0.055,-9.928,-0.003,-0.001,-0.001,-25.025,-13.487,34.97,0.997,-0.002,0,-0.078,37.19,100925.867,-0.222,0.197,0.15,-0.132,0.025,BROKEN,STANDBY
126.411,1,1,0,0,0,ARMED,11.972,-0.232,-0.035,-9.948,-0.003,0,-0.004,-23.076,-13.035,35.475,0.997,-0.002,0,-0.078,37.19,100925.867,-0.224,0.194,0.144,-0.143,0.007,BROKEN,STANDBY
126.462,1,1,0,0,0,ARMED,11.985,-0.232,-0.055,-9.968,-0.002,0,-0.001,-24.634,-12.533,35.919,0.997,-0.002,0,-0.078,37.19,100918.828,-0.252,0.167,0.146,-0.134,0.024,BROKEN,STANDBY
126.513,1,1,0,0,0,ARMED,12,-0.232,-0.015,-9.928,0,-0.001,-0.004,-25.039,-12.526,35.92,0.997,-0.003,0,-0.078,37.18,100922.461,-0.23,0.187,0.151,-0.149,0.039,BROKEN,STANDBY
126.564,1,1,0,0,0,ARMED,12,-0.232,-0.055,-9.988,-0.001,-0.001,-0.002,-25.052,-11.632,35.98,0.997,-0.002,0,-0.078,37.19,100925.867,-0.194,0.217,0.144,-0.137,0.019,BROKEN,STANDBY
126.614,1,1,0,0,0,ARMED,11.992,-0.232,-0.015,-9.948,-0.002,-0.001,-0.002,-23.818,-13.023,35.477,0.997,-0.003,0,-0.079,37.19,100926.93,-0.183,0.225,0.146,-0.153,0.012,BROKEN,STANDBY
126.665,1,1,0,0,0,ARMED,11.995,-0.232,-0.055,-9.968,-0.004,-0.002,-0.002,-23.898,-12.127,35.538,0.997,-0.003,0,-0.079,37.19,100928.219,-0.184,0.22,0.146,-0.148,-0.018,BROKEN,STANDBY
126.716,1,1,0,0,0,ARMED,12.004,-0.232,-0.075,-9.948,-0.001,-0.001,-0.002,-25.439,-12.897,36.847,0.997,-0.003,0,-0.079,37.19,100926.93,-0.242,0.166,0.145,-0.161,0.034,BROKEN,STANDBY
126.767,1,1,0,0,0,ARMED,12,-0.232,-0.035,-9.948,-0.003,-0.001,-0.003,-24.212,-13.81,36.784,0.997,-0.003,0,-0.079,37.19,100926.93,-0.279,0.134,0.148,-0.148,0.025,BROKEN,STANDBY
126.818,1,1,0,0,0,ARMED,11.98,-0.212,-0.035,-9.948,0.001,-0.001,-0.002,-23.487,-12.581,35.507,0.997,-0.002,0,-0.079,37.19,100930.57,-0.239,0.17,0.145,-0.139,0.016,BROKEN,STANDBY
126.868,1,1,0,0,0,ARMED,11.98,-0.212,-0.015,-9.948,-0.002,0,-0.004,-25.45,-12.068,36.019,0.997,-0.002,0,-0.079,37.19,100924.586,-0.207,0.198,0.15,-0.141,0.017,BROKEN,STANDBY
126.919,1,1,0,0,0,ARMED,11.98,-0.212,-0.035,-9.968,-0.001,-0.002,-0.003,-23.087,-12.421,37.762,0.997,-0.003,0,-0.079,37.19,100928.219,-0.233,0.173,0.147,-0.166,0.022,BROKEN,STANDBY
126.97,1,1,0,0,0,ARMED,12.003,-0.251,-0.035,-9.908,-0.002,0,-0.003,-25.457,-11.59,36.46,0.997,-0.003,0,-0.079,37.19,100919.891,-0.268,0.142,0.145,-0.145,0.034,BROKEN,STANDBY
127.021,1,1,0,0,0,ARMED,11.981,-0.232,-0.055,-9.968,0,0,-0.001,-23.898,-12.127,35.538,0.997,-0.002,0,-0.079,37.19,100925.867,-0.253,0.155,0.147,-0.137,0.012,BROKEN,STANDBY
127.072,1,1,0,0,0,ARMED,11.988,-0.212,-0.035,-9.968,0.001,-0.001,-0.004,-25.448,-12.138,35.062,0.997,-0.002,0,-0.079,37.19,100925.867,-0.271,0.14,0.15,-0.135,0.012,BROKEN,STANDBY
127.123,1,1,0,0,0,ARMED,11.96,-0.212,-0.015,-9.948,-0.001,0,-0.003,-25.86,-11.649,35.572,0.997,-0.002,0,-0.079,37.19,100924.586,-0.296,0.119,0.152,-0.125,0.016,BROKEN,STANDBY
127.173,1,1,0,0,0,ARMED,11.988,-0.212,-0.015,-9.988,-0.002,0,-0.003,-25.039,-12.526,35.92,0.997,-0.002,0,-0.079,37.19,100924.586,-0.279,0.136,0.149,-0.126,0.022,BROKEN,STANDBY
127.224,1,1,0,0,0,ARMED,11.972,-0.232,-0.035,-9.948,-0.002,0.001,-0.002,-25.452,-12.002,36.908,0.997,-0.002,0,-0.079,37.19,100930.57,-0.256,0.158,0.146,-0.121,0.012,BROKEN,STANDBY
127.275,1,1,0,0,0,ARMED,12.003,-0.212,-0.035,-9.988,-0.001,0.001,-0.001,-24.628,-12.98,35.889,0.997,-0.002,0,-0.079,37.19,100922.234,-0.258,0.156,0.144,-0.114,-0.001,BROKEN,STANDBY
127.326,1,1,0,0,0,ARMED,11.969,-0.251,-0.035,-9.988,-0.004,-0.001,-0.004,-23.496,-12.033,36.904,0.997,-0.002,0,-0.079,37.19,100926.93,-0.261,0.154,0.152,-0.132,0.01,BROKEN,STANDBY
127.377,1,1,0,0,0,ARMED,11.98,-0.192,-0.015,-9.948,-0.003,0,-0.001,-23.095,-11.693,35.567,0.997,-0.002,0,-0.079,37.19,100925.648,-0.304,0.116,0.15,-0.146,0.005,BROKEN,STANDBY
127.428,1,1,0,0,0,ARMED,11.977,-0.232,-0.055,-9.928,0.001,0.001,-0.003,-25.045,-12.079,35.95,0.997,-0.002,0,-0.08,37.18,100922.461,-0.324,0.1,0.15,-0.13,0.014,BROKEN,STANDBY
127.479,1,1,0,0,0,ARMED,11.961,-0.212,-0.035,-9.988,0,-0.002,-0.001,-26.649,-13.05,34.525,0.997,-0.002,0,-0.08,37.19,100917.539,-0.362,0.069,0.145,-0.141,0.01,BROKEN,STANDBY
127.53,1,1,0,0,0,ARMED,11.984,-0.212,-0.015,-9.928,-0.003,-0.002,-0.003,-23.907,-11.579,36.936,0.997,-0.003,0,-0.08,37.2,100931.398,-0.368,0.067,0.14,-0.156,0.01,BROKEN,STANDBY
127.581,1,1,0,0,0,ARMED,11.976,-0.212,-0.015,-9.948,-0.001,-0.001,-0.004,-25.021,-13.833,36.307,0.997,-0.002,0,-0.08,37.19,100926.93,-0.329,0.106,0.148,-0.129,-0.003,BROKEN,STANDBY
127.632,1,1,0,0,0,ARMED,11.98,-0.232,-0.035,-9.948,-0.003,-0.001,-0.002,-24.217,-13.434,35.857,0.997,-0.002,0,-0.08,37.19,100925.648,-0.299,0.136,0.142,-0.134,0,BROKEN,STANDBY
127.682,1,1,0,0,0,ARMED,11.969,-0.232,-0.035,-9.948,-0.002,0,-0.002,-25.039,-12.526,35.92,0.997,-0.002,0,-0.08,37.19,100923.297,-0.282,0.151,0.147,-0.116,0.025,BROKEN,STANDBY
127.733,1,1,0,0,0,ARMED,12.012,-0.232,-0.035,-9.948,-0.001,0.001,-0.002,-24.228,-12.605,35.029,0.997,-0.002,0,-0.08,37.19,100923.297,-0.273,0.16,0.146,-0.141,0.018,BROKEN,STANDBY
127.784,1,1,0,0,0,ARMED,12.008,-0.212,-0.035,-9.968,-0.001,0,-0.002,-23.5,-11.686,35.567,0.997,-0.002,0,-0.08,37.19,100923.297,-0.279,0.155,0.151,-0.119,-0.009,BROKEN,STANDBY
127.835,1,1,0,0,0,ARMED,11.992,-0.212,-0.035,-9.968,0,-0.001,-0.001,-23.5,-11.686,35.567,0.997,-0.003,0,-0.08,37.19,100925.648,-0.297,0.139,0.148,-0.159,0,BROKEN,STANDBY
127.886,1,1,0,0,0,ARMED,11.988,-0.212,-0.035,-9.968,-0.003,0,-0.002,-23.888,-12.921,36.844,0.997,-0.002,0.001,-0.08,37.2,100922.016,-0.29,0.146,0.153,-0.145,-0.021,BROKEN,STANDBY
127.937,1,1,0,0,0,ARMED,12.002,-0.212,-0.015,-9.928,-0.002,-0.001,-0.002,-24.632,-12.634,34.551,0.997,-0.002,0,-0.08,37.2,100922.016,-0.279,0.157,0.151,-0.124,0.01,BROKEN,STANDBY
127.987,1,1,0,0,0,ARMED,11.988,-0.232,-0.015,-9.948,-0.002,0,-0.001,-23.078,-12.969,36.364,0.997,-0.003,0,-0.08,37.19,100925.648,-0.307,0.132,0.152,-0.152,0.022,BROKEN,STANDBY
128.038,1,1,0,0,0,ARMED,11.973,-0.212,-0.015,-9.968,-0.001,-0.002,-0.003,-24.241,-11.71,35.09,0.997,-0.002,0,-0.08,37.19,100922.234,-0.329,0.114,0.147,-0.133,-0.003,BROKEN,STANDBY
128.089,1,1,0,0,0,ARMED,11.987,-0.212,-0.015,-9.948,-0.002,0,-0.005,-23.489,-12.515,36.395,0.997,-0.002,0,-0.08,37.2,100932.469,-0.354,0.094,0.155,-0.103,0.009,BROKEN,STANDBY
128.14,1,1,0,0,0,ARMED,11.987,-0.212,-0.035,-9.948,-0.001,0,-0.003,-25.45,-12.068,36.019,0.997,-0.002,0,-0.08,37.19,100920.945,-0.362,0.09,0.149,-0.145,0.022,BROKEN,STANDBY
128.191,1,1,0,0,0,ARMED,11.973,-0.212,-0.035,-9.948,0,0,-0.003,-24.244,-11.574,36.936,0.997,-0.003,0,-0.08,37.2,100922.016,-0.38,0.077,0.152,-0.161,0.006,BROKEN,STANDBY
128.242,1,1,0,0,0,ARMED,11.993,-0.212,-0.035,-9.968,-0.001,-0.001,-0.002,-23.878,-13.505,34.968,0.997,-0.002,0,-0.08,37.19,100927.984,-0.365,0.095,0.141,-0.134,0.008,BROKEN,STANDBY
128.293,1,1,0,0,0,ARMED,11.978,-0.232,-0.035,-9.988,-0.003,-0.001,-0.003,-24.234,-12.188,34.649,0.997,-0.002,0,-0.081,37.2,100927.766,-0.351,0.11,0.149,-0.127,0.002,BROKEN,STANDBY
128.345,1,1,0,0,0,ARMED,11.989,-0.212,-0.035,-9.968,-0.002,-0.001,-0.001,-24.641,-12.085,35.949,0.997,-0.002,0,-0.081,37.2,100927.766,-0.325,0.136,0.152,-0.13,0.053,BROKEN,STANDBY
128.395,1,1,0,0,0,ARMED,11.981,-0.212,-0.015,-9.988,-0.004,0.002,-0.003,-23.506,-11.239,35.598,0.997,-0.003,0,-0.081,37.2,100917.32,-0.28,0.177,0.148,-0.149,0.025,BROKEN,STANDBY
128.447,1,1,0,0,0,ARMED,12.007,-0.232,-0.035,-9.948,-0.003,0.001,-0.002,-24.208,-13.977,34.528,0.997,-0.003,0,-0.081,37.2,100922.016,-0.206,0.242,0.15,-0.144,0.015,BROKEN,STANDBY
128.498,1,1,0,0,0,ARMED,11.992,-0.232,-0.035,-9.988,-0.002,0,-0.002,-25.021,-13.833,36.307,0.997,-0.002,0,-0.081,37.21,100928.828,-0.183,0.26,0.151,-0.128,0.011,BROKEN,STANDBY
128.548,1,1,0,0,0,ARMED,11.969,-0.232,-0.035,-9.968,-0.001,0,-0.003,-22.686,-12.081,36.424,0.997,-0.002,0,-0.081,37.2,100926.711,-0.164,0.273,0.15,-0.134,0.029,BROKEN,STANDBY
128.599,1,1,0,0,0,ARMED,11.984,-0.232,-0.035,-9.948,-0.004,0.001,-0.003,-23.49,-12.48,36.874,0.997,-0.003,0,-0.081,37.21,100928.828,-0.167,0.265,0.146,-0.155,0.011,BROKEN,STANDBY
128.65,1,1,0,0,0,ARMED,11.993,-0.212,-0.035,-9.948,-0.002,0.001,-0.002,-23.482,-12.998,35.886,0.997,-0.003,0,-0.081,37.2,100923.078,-0.185,0.245,0.145,-0.154,0.023,BROKEN,STANDBY
128.701,1,1,0,0,0,ARMED,12.002,-0.232,-0.035,-9.968,-0.001,-0.001,-0.004,-24.211,-13.876,35.895,0.997,-0.002,0,-0.081,37.2,100927.766,-0.156,0.266,0.144,-0.115,0.01,BROKEN,STANDBY
128.752,1,1,0,0,0,ARMED,12.01,-0.232,0.005,-9.948,0,0,0,-23.473,-13.542,34.557,0.997,-0.003,0,-0.081,37.21,100928.828,-0.188,0.233,0.149,-0.16,0.009,BROKEN,STANDBY
128.803,1,1,0,0,0,ARMED,12.003,-0.212,-0.015,-9.988,0,-0.001,-0.004,-24.23,-12.539,35.918,0.997,-0.002,0,-0.081,37.2,100919.664,-0.2,0.219,0.157,-0.127,0.02,BROKEN,STANDBY
128.854,1,1,0,0,0,ARMED,11.981,-0.251,-0.015,-9.948,0.001,0,0,-25.026,-13.416,35.927,0.997,-0.002,0,-0.081,37.2,100920.727,-0.152,0.26,0.154,-0.135,0.02,BROKEN,STANDBY
128.904,1,1,0,0,0,ARMED,12.003,-0.232,-0.015,-9.968,-0.001,-0.001,-0.001,-24.216,-13.464,35.447,0.997,-0.003,0,-0.081,37.21,100928.828,-0.139,0.267,0.147,-0.156,0.025,BROKEN,STANDBY
128.955,1,1,0,0,0,ARMED,11.992,-0.212,0.005,-9.948,-0.003,-0.001,-0.003,-23.48,-13.064,34.998,0.997,-0.003,0,-0.081,37.2,100922.016,-0.166,0.239,0.148,-0.158,0.046,BROKEN,STANDBY
129.006,1,1,0,0,0,ARMED,11.95,-0.212,-0.035,-9.968,0,0.001,-0.002,-24.209,-13.947,34.938,0.997,-0.003,0,-0.081,37.21,100928.828,-0.173,0.228,0.146,-0.167,0.023,BROKEN,STANDBY
129.057,1,1,0,0,0,ARMED,11.977,-0.212,-0.015,-9.928,0,-0.001,-0.001,-24.619,-13.529,34.491,0.997,-0.003,0,-0.081,37.21,100933.531,-0.189,0.211,0.145,-0.16,0.01,BROKEN,STANDBY
129.108,1,1,0,0,0,ARMED,12,-0.232,-0.035,-9.968,0,-0.001,-0.003,-24.227,-12.64,34.551,0.997,-0.003,0,-0.081,37.21,100919.445,-0.193,0.205,0.142,-0.161,0.024,BROKEN,STANDBY
129.159,1,1,0,0,0,ARMED,11.989,-0.212,-0.015,-9.968,0,0,-0.003,-24.225,-12.916,36.845,0.997,-0.002,0,-0.082,37.2,100918.375,-0.177,0.217,0.145,-0.113,0.033,BROKEN,STANDBY
129.21,1,1,0,0,0,ARMED,11.993,-0.212,-0.035,-9.928,-0.001,0,-0.002,-23.806,-13.888,35.826,0.997,-0.002,0,-0.082,37.21,100931.18,-0.167,0.223,0.145,-0.139,0.005,BROKEN,STANDBY
129.261,1,1,0,0,0,ARMED,11.992,-0.232,-0.055,-9.928,-0.001,0,-0.003,-23.88,-13.439,35.857,0.997,-0.003,0,-0.082,37.21,100929.898,-0.16,0.226,0.137,-0.149,0.008,BROKEN,STANDBY
129.311,1,1,0,0,0,ARMED,11.995,-0.232,-0.015,-9.948,-0.003,-0.001,-0.004,-24.23,-12.534,35.987,0.997,-0.002,0,-0.082,37.21,100927.547,-0.183,0.202,0.137,-0.132,0.038,BROKEN,STANDBY
129.362,1,1,0,0,0,ARMED,11.989,-0.232,-0.035,-9.968,-0.002,0,-0.004,-25.843,-12.926,36.369,0.997,-0.003,0,-0.082,37.22,100928.609,-0.219,0.167,0.137,-0.144,0.013,BROKEN,STANDBY
129.413,1,1,0,0,0,ARMED,12.027,-0.251,-0.035,-9.948,-0.002,0,-0.002,-24.633,-12.599,35.03,0.997,-0.003,0,-0.082,37.21,100922.852,-0.267,0.124,0.143,-0.152,0.016,BROKEN,STANDBY
129.465,1,1,0,0,0,ARMED,11.999,-0.212,-0.055,-9.928,0,-0.001,-0.001,-23.077,-13,35.954,0.997,-0.002,0,-0.082,37.21,100921.789,-0.27,0.123,0.143,-0.151,0.003,BROKEN,STANDBY
129.515,1,1,0,0,0,ARMED,11.996,-0.212,-0.035,-9.968,-0.001,-0.001,-0.002,-23.904,-11.716,35.089,0.997,-0.002,0,-0.082,37.21,100922.852,-0.243,0.149,0.144,-0.136,0.007,BROKEN,STANDBY
129.566,1,1,0,0,0,ARMED,11.981,-0.212,-0.035,-9.948,0,0,-0.004,-22.692,-11.633,36.455,0.997,-0.003,0,-0.082,37.21,100925.195,-0.228,0.163,0.14,-0.157,0.013,BROKEN,STANDBY
129.618,1,1,0,0,0,ARMED,11.966,-0.212,-0.035,-9.948,-0.002,0,-0.004,-22.672,-13.011,35.885,0.997,-0.003,0,-0.082,37.22,100923.906,-0.215,0.174,0.146,-0.142,0.024,BROKEN,STANDBY
129.669,1,1,0,0,0,ARMED,11.981,-0.232,-0.035,-9.968,-0.001,0,-0.003,-22.26,-13.531,34.965,0.997,-0.002,0,-0.082,37.22,100928.609,-0.235,0.155,0.144,-0.136,0.035,BROKEN,STANDBY
129.719,1,1,0,0,0,ARMED,11.988,-0.212,-0.015,-9.948,-0.002,0,-0.002,-24.642,-12.05,36.428,0.997,-0.002,0,-0.082,37.21,100925.195,-0.231,0.159,0.145,-0.126,0.028,BROKEN,STANDBY
129.77,1,1,0,0,0,ARMED,11.994,-0.251,-0.055,-9.948,0.001,0,-0.002,-23.905,-11.68,35.568,0.997,-0.002,0,-0.082,37.22,100923.906,-0.209,0.178,0.148,-0.137,0.028,BROKEN,STANDBY
129.821,1,1,0,0,0,ARMED,11.992,-0.232,-0.015,-9.948,-0.001,0,-0.002,-23.475,-13.446,35.856,0.997,-0.003,0,-0.082,37.21,100918.156,-0.191,0.193,0.15,-0.146,0.034,BROKEN,STANDBY
129.872,1,1,0,0,0,ARMED,11.961,-0.212,-0.015,-9.968,-0.001,0.001,-0.001,-23.476,-13.41,36.335,0.997,-0.002,0,-0.082,37.22,100933.297,-0.177,0.205,0.15,-0.138,0.026,BROKEN,STANDBY
129.923,1,1,0,0,0,ARMED,11.992,-0.212,-0.035,-9.948,-0.001,-0.001,-0.002,-24.237,-12.056,36.427,0.997,-0.003,0,-0.083,37.22,100922.625,-0.19,0.192,0.146,-0.134,0.017,BROKEN,STANDBY
129.973,1,1,0,0,0,ARMED,11.98,-0.232,-0.035,-9.968,-0.001,0,-0.002,-25.026,-13.421,35.859,0.997,-0.002,0,-0.083,37.21,100922.852,-0.186,0.193,0.143,-0.132,0.016,BROKEN,STANDBY
130.024,1,1,0,0,0,ARMED,11.988,-0.232,-0.015,-9.948,0.002,-0.001,-0.003,-25.848,-12.514,35.921,0.997,-0.002,0,-0.083,37.22,100928.609,-0.181,0.196,0.147,-0.128,-0.006,BROKEN,STANDBY
130.075,1,1,0,0,0,ARMED,11.972,-0.212,-0.035,-9.948,-0.002,-0.001,-0.001,-24.242,-11.675,35.569,0.997,-0.002,0,-0.083,37.22,100926.258,-0.229,0.152,0.148,-0.131,0.019,BROKEN,STANDBY
130.126,1,1,0,0,0,ARMED,11.992,-0.212,-0.035,-9.948,-0.002,-0.002,-0.002,-23.888,-12.921,36.844,0.997,-0.003,0,-0.083,37.22,100921.57,-0.279,0.107,0.15,-0.148,0.022,BROKEN,STANDBY
130.177,1,1,0,0,0,ARMED,11.988,-0.251,-0.015,-9.928,-0.002,0.001,-0.003,-23.505,-11.31,34.64,0.997,-0.003,0,-0.083,37.23,100921.336,-0.266,0.122,0.146,-0.165,0.006,BROKEN,STANDBY
130.227,1,1,0,0,0,ARMED,11.978,-0.251,-0.015,-9.988,-0.003,0.001,-0.003,-25.052,-11.627,36.049,0.997,-0.003,0,-0.083,37.21,100920.508,-0.244,0.143,0.142,-0.164,0.038,BROKEN,STANDBY
130.278,1,1,0,0,0,ARMED,11.976,-0.271,-0.055,-9.968,-0.001,-0.001,0,-24.249,-11.197,36.009,0.997,-0.003,-0.001,-0.083,37.22,100924.977,-0.203,0.18,0.141,-0.137,0.061,BROKEN,STANDBY
130.329,1,1,0,0,0,ARMED,12.03,-0.212,-0.035,-9.988,-0.004,-0.001,-0.002,-24.626,-13.046,35,0.997,-0.003,-0.001,-0.083,37.23,100927.102,-0.194,0.187,0.14,-0.156,0.049,BROKEN,STANDBY
130.38,1,1,0,0,0,ARMED,11.976,-0.212,-0.035,-9.948,-0.003,-0.001,-0.002,-24.635,-12.497,36.398,0.997,-0.003,0,-0.083,37.22,100929.664,-0.197,0.183,0.152,-0.149,0,BROKEN,STANDBY
130.431,1,1,0,0,0,ARMED,11.985,-0.232,-0.035,-9.948,-0.002,0,-0.002,-24.623,-13.392,36.337,0.997,-0.003,0,-0.083,37.22,100920.281,-0.231,0.152,0.149,-0.143,0.018,BROKEN,STANDBY
130.482,1,1,0,0,0,ARMED,12.003,-0.212,-0.015,-9.928,-0.003,-0.001,-0.002,-23.063,-13.93,35.415,0.997,-0.003,0,-0.083,37.23,100923.688,-0.223,0.159,0.15,-0.146,0.035,BROKEN,STANDBY
130.533,1,1,0,0,0,ARMED,11.988,-0.212,-0.015,-9.948,-0.002,0,-0.002,-24.646,-11.668,35.569,0.997,-0.002,0,-0.083,37.22,100930.961,-0.221,0.161,0.151,-0.119,0.001,BROKEN,STANDBY
130.585,1,1,0,0,0,ARMED,11.967,-0.212,-0.055,-10.008,-0.002,0,-0.003,-24.219,-13.363,36.815,0.997,-0.002,0,-0.083,37.23,100919,-0.247,0.138,0.149,-0.125,0.01,BROKEN,STANDBY
130.636,1,1,0,0,0,ARMED,12,-0.212,-0.055,-9.948,-0.001,0,-0.002,-23.069,-13.518,34.966,0.997,-0.002,0.001,-0.083,37.23,100924.758,-0.255,0.132,0.16,-0.153,-0.02,BROKEN,STANDBY
130.687,1,1,0,0,0,ARMED,11.981,-0.232,-0.035,-9.948,0.001,-0.002,-0.001,-24.23,-12.534,35.987,0.997,-0.002,0,-0.084,37.22,100917.938,-0.258,0.132,0.153,-0.13,-0.006,BROKEN,STANDBY
130.739,1,1,0,0,0,ARMED,11.984,-0.212,-0.035,-9.948,0.001,0,-0.002,-24.626,-13.046,35,0.996,-0.002,0,-0.084,37.22,100927.328,-0.234,0.155,0.14,-0.144,0.009,BROKEN,STANDBY
130.789,1,1,0,0,0,ARMED,11.995,-0.232,-0.015,-9.968,-0.002,0,-0.003,-24.646,-11.668,35.569,0.996,-0.003,0,-0.084,37.23,100927.102,-0.223,0.164,0.144,-0.156,-0.018,BROKEN,STANDBY
130.84,1,1,0,0,0,ARMED,11.977,-0.232,-0.035,-9.948,-0.001,0,-0.001,-25.053,-11.596,36.459,0.996,-0.003,0,-0.084,37.23,100919,-0.208,0.178,0.15,-0.145,0.017,BROKEN,STANDBY
130.891,1,1,0,0,0,ARMED,11.98,-0.212,-0.015,-9.968,-0.002,-0.001,-0.004,-23.892,-12.575,35.507,0.996,-0.003,0,-0.084,37.23,100922.406,-0.231,0.156,0.155,-0.172,-0.008,BROKEN,STANDBY
130.942,1,1,0,0,0,ARMED,11.981,-0.192,-0.035,-9.948,-0.003,0.001,-0.003,-24.635,-12.497,36.398,0.996,-0.002,0,-0.084,37.24,100926.875,-0.225,0.162,0.156,-0.136,0.006,BROKEN,STANDBY
130.993,1,1,0,0,0,ARMED,11.996,-0.232,-0.035,-9.968,-0.002,-0.001,-0.003,-25.026,-13.452,35.449,0.996,-0.002,0.001,-0.084,37.23,100926.039,-0.204,0.182,0.154,-0.113,-0.029,BROKEN,STANDBY
131.043,1,1,0,0,0,ARMED,11.986,-0.212,-0.055,-9.948,0.002,0.001,0,-25.456,-11.656,35.571,0.996,-0.002,0,-0.084,37.23,100927.102,-0.205,0.18,0.151,-0.134,-0.007,BROKEN,STANDBY
131.095,1,1,0,0,0,ARMED,11.992,-0.212,-0.015,-9.948,0,0.001,-0.003,-23.885,-13.058,34.998,0.996,-0.002,0,-0.084,37.23,100923.688,-0.217,0.169,0.15,-0.126,0.014,BROKEN,STANDBY
131.146,1,1,0,0,0,ARMED,11.992,-0.232,-0.015,-9.968,0,-0.001,-0.003,-25.464,-11.142,36.49,0.996,-0.002,0,-0.084,37.24,100932.859,-0.221,0.165,0.15,-0.123,0.003,BROKEN,STANDBY
131.196,1,1,0,0,0,ARMED,12,-0.212,-0.015,-9.968,-0.001,-0.003,-0.003,-23.892,-12.575,35.507,0.996,-0.002,0,-0.084,37.23,100929.445,-0.24,0.148,0.142,-0.139,-0.002,BROKEN,STANDBY
131.248,1,1,0,0,0,ARMED,11.988,-0.232,-0.015,-9.948,-0.002,0,-0.003,-22.671,-13.077,34.996,0.996,-0.003,0,-0.084,37.22,100920.281,-0.263,0.128,0.145,-0.151,0.019,BROKEN,STANDBY
131.298,1,1,0,0,0,ARMED,11.971,-0.232,-0.035,-9.968,0,-0.001,-0.002,-25.859,-11.685,35.093,0.996,-0.003,0,-0.084,37.24,100928.156,-0.272,0.121,0.143,-0.148,0.01,BROKEN,STANDBY
131.35,1,1,0,0,0,ARMED,11.988,-0.212,-0.035,-9.948,0.001,-0.001,-0.002,-23.894,-12.474,36.875,0.996,-0.003,0,-0.084,37.23,100922.406,-0.295,0.102,0.151,-0.154,0.016,BROKEN,STANDBY
131.4,1,1,0,0,0,ARMED,11.999,-0.192,-0.035,-9.968,0,-0.001,-0.002,-24.632,-12.629,34.62,0.996,-0.003,0,-0.084,37.24,100929.219,-0.321,0.082,0.154,-0.144,0.024,BROKEN,STANDBY
131.452,1,1,0,0,0,ARMED,12.007,-0.251,-0.035,-9.968,-0.002,0.001,-0.003,-24.223,-13.017,35.478,0.996,-0.003,0,-0.085,37.24,100923.469,-0.305,0.1,0.149,-0.156,0.032,BROKEN,STANDBY
131.503,1,1,0,0,0,ARMED,11.978,-0.212,-0.035,-9.968,-0.001,-0.001,-0.002,-22.664,-13.555,34.555,0.996,-0.002,0,-0.085,37.25,100920.898,-0.266,0.138,0.155,-0.131,0.021,BROKEN,STANDBY
131.554,1,1,0,0,0,ARMED,11.992,-0.232,-0.055,-9.968,-0.003,0.001,0.001,-25.854,-12.097,35.541,0.996,-0.003,0,-0.085,37.24,100926.875,-0.221,0.179,0.157,-0.149,0.024,BROKEN,STANDBY
131.605,1,1,0,0,0,ARMED,11.999,-0.212,-0.015,-9.968,-0.001,-0.001,-0.003,-24.224,-12.981,35.956,0.996,-0.003,0,-0.085,37.23,100924.758,-0.187,0.209,0.154,-0.152,-0.001,BROKEN,STANDBY
131.656,1,1,0,0,0,ARMED,11.989,-0.251,-0.035,-9.948,-0.004,-0.002,-0.002,-24.619,-13.524,34.559,0.996,-0.002,0,-0.085,37.24,100921.117,-0.22,0.178,0.15,-0.13,0.001,BROKEN,STANDBY
131.707,1,1,0,0,0,ARMED,11.962,-0.212,-0.055,-9.948,-0.001,0,-0.004,-22.288,-11.635,36.522,0.996,-0.003,0,-0.085,37.23,100920.055,-0.22,0.177,0.146,-0.166,0.023,BROKEN,STANDBY
131.757,1,1,0,0,0,ARMED,11.986,-0.212,-0.015,-9.948,-0.002,-0.001,-0.002,-24.23,-12.534,35.987,0.996,-0.003,0,-0.085,37.24,100929.219,-0.208,0.187,0.145,-0.156,0.005,BROKEN,STANDBY
131.808,1,1,0,0,0,ARMED,11.999,-0.212,-0.035,-9.928,0.001,0,-0.004,-23.875,-13.816,36.784,0.996,-0.003,0,-0.085,37.24,100923.469,-0.173,0.217,0.146,-0.154,0.044,BROKEN,STANDBY
131.859,1,1,0,0,0,ARMED,11.966,-0.232,-0.015,-9.928,0,-0.001,-0.002,-24.305,-12.05,36.496,0.996,-0.003,0,-0.085,37.23,100922.406,-0.177,0.211,0.15,-0.141,0.037,BROKEN,STANDBY
131.911,1,1,0,0,0,ARMED,12.011,-0.232,-0.055,-9.948,0.001,-0.002,-0.003,-23.095,-11.693,35.567,0.996,-0.002,0,-0.085,37.25,100932.641,-0.149,0.234,0.151,-0.124,0.033,BROKEN,STANDBY
131.962,1,1,0,0,0,ARMED,11.986,-0.232,-0.035,-9.948,0.001,-0.002,-0.003,-25.837,-13.368,36.407,0.996,-0.002,0,-0.085,37.24,100924.531,-0.122,0.255,0.149,-0.135,-0.003,BROKEN,STANDBY
132.013,1,1,0,0,0,ARMED,11.993,-0.232,-0.035,-9.928,0,-0.001,-0.001,-23.898,-12.127,35.538,0.996,-0.003,0,-0.085,37.25,100925.586,-0.148,0.228,0.145,-0.145,0.02,BROKEN,STANDBY
132.064,1,1,0,0,0,ARMED,11.981,-0.212,-0.015,-9.928,0.004,0,-0.002,-24.609,-14.317,35.866,0.996,-0.003,0,-0.085,37.25,100919.609,-0.204,0.174,0.147,-0.155,0.012,BROKEN,STANDBY
132.115,1,1,0,0,0,ARMED,11.992,-0.232,-0.055,-9.948,-0.002,0,-0.002,-25.018,-13.965,34.529,0.996,-0.003,0,-0.085,37.24,100922.18,-0.214,0.165,0.142,-0.143,0.038,BROKEN,STANDBY
132.165,1,1,0,0,0,ARMED,11.967,-0.232,-0.035,-9.968,-0.001,-0.001,-0.004,-24.636,-12.462,36.876,0.996,-0.002,0,-0.085,37.24,100926.875,-0.186,0.189,0.141,-0.133,0.029,BROKEN,STANDBY
132.216,1,1,0,0,0,ARMED,11.969,-0.232,-0.015,-9.968,-0.001,0,-0.003,-24.223,-13.017,35.478,0.996,-0.003,0,-0.085,37.24,100929.219,-0.209,0.168,0.153,-0.159,0.012,BROKEN,STANDBY
132.268,1,1,0,0,0,ARMED,11.988,-0.212,-0.035,-9.988,0,-0.002,-0.002,-24.646,-11.704,35.091,0.996,-0.003,-0.001,-0.085,37.25,100924.305,-0.216,0.162,0.152,-0.139,0.045,BROKEN,STANDBY
132.318,1,1,0,0,0,ARMED,11.989,-0.212,-0.035,-9.908,0.001,0.001,-0.001,-24.629,-12.945,36.367,0.996,-0.003,0,-0.086,37.25,100920.898,-0.213,0.163,0.149,-0.155,0.009,BROKEN,STANDBY
132.369,1,1,0,0,0,ARMED,11.973,-0.212,-0.015,-9.988,0.001,0,-0.001,-25.045,-12.109,35.54,0.996,-0.003,0,-0.086,37.24,100926.875,-0.277,0.107,0.151,-0.155,0.004,BROKEN,STANDBY
132.421,1,1,0,0,0,ARMED,11.956,-0.251,-0.035,-9.988,-0.003,0.001,-0.004,-23.487,-12.581,35.507,0.996,-0.003,0,-0.086,37.25,100925.586,-0.305,0.084,0.158,-0.166,0.029,BROKEN,STANDBY
132.472,1,1,0,0,0,ARMED,11.982,-0.212,-0.035,-9.948,-0.002,-0.001,-0.004,-24.217,-13.434,35.857,0.996,-0.003,0,-0.086,37.24,100922.18,-0.294,0.098,0.154,-0.144,0.03,BROKEN,STANDBY
132.523,1,1,0,0,0,ARMED,12.011,-0.212,-0.015,-9.968,0,0,-0.002,-24.222,-13.052,34.999,0.996,-0.002,0,-0.086,37.24,100926.875,-0.271,0.122,0.151,-0.123,0.004,BROKEN,STANDBY
132.574,1,1,0,0,0,ARMED,11.992,-0.232,-0.055,-10.008,0.002,-0.001,-0.002,-24.236,-12.087,36.017,0.996,-0.003,0,-0.086,37.25,100921.961,-0.263,0.131,0.152,-0.146,0.025,BROKEN,STANDBY
132.625,1,1,0,0,0,ARMED,11.999,-0.192,-0.015,-9.928,-0.001,0,-0.003,-24.639,-12.151,35.06,0.996,-0.002,0,-0.086,37.24,100922.18,-0.282,0.115,0.158,-0.131,-0.005,BROKEN,STANDBY
132.676,1,1,0,0,0,ARMED,11.977,-0.192,0.005,-9.988,-0.001,0,-0.004,-24.244,-11.604,36.526,0.996,-0.003,0,-0.086,37.25,100925.586,-0.322,0.082,0.155,-0.16,0.022,BROKEN,STANDBY
132.726,1,1,0,0,0,ARMED,11.97,-0.251,-0.055,-9.988,0,-0.001,-0.003,-22.679,-12.559,35.984,0.996,-0.002,0,-0.086,37.25,100925.586,-0.33,0.079,0.158,-0.132,0.011,BROKEN,STANDBY
132.777,1,1,0,0,0,ARMED,11.981,-0.212,-0.055,-9.988,-0.001,0,-0.003,-24.239,-11.776,34.201,0.996,-0.002,0,-0.086,37.25,100927.938,-0.313,0.099,0.16,-0.127,0.002,BROKEN,STANDBY
132.829,1,1,0,0,0,ARMED,11.969,-0.212,-0.035,-9.968,0,0.001,-0.003,-25.045,-12.109,35.54,0.996,-0.003,0,-0.086,37.25,100927.719,-0.32,0.096,0.153,-0.137,0.007,BROKEN,STANDBY
132.88,1,1,0,0,0,ARMED,11.977,-0.192,-0.015,-9.988,0.002,-0.001,-0.001,-25.045,-12.109,35.54,0.996,-0.003,0,-0.086,37.25,100927.719,-0.307,0.111,0.155,-0.151,0.024,BROKEN,STANDBY
132.93,1,1,0,0,0,ARMED,12.001,-0.251,-0.035,-9.948,0,-0.002,-0.004,-24.642,-12.045,36.496,0.996,-0.002,0,-0.086,37.25,100921.961,-0.295,0.125,0.153,-0.131,0.019,BROKEN,STANDBY
132.982,1,1,0,0,0,ARMED,11.967,-0.212,-0.015,-9.968,-0.002,-0.001,-0.003,-24.247,-11.293,34.71,0.996,-0.003,0,-0.086,37.25,100920.68,-0.309,0.113,0.152,-0.143,0.024,BROKEN,STANDBY
133.032,1,1,0,0,0,ARMED,11.944,-0.212,-0.035,-9.948,-0.002,0,-0.001,-23.488,-12.546,35.985,0.996,-0.003,-0.001,-0.087,37.25,100932.406,-0.334,0.093,0.15,-0.149,0.051,BROKEN,STANDBY
133.084,1,1,0,0,0,ARMED,11.951,-0.251,-0.035,-9.968,0,0,-0.002,-22.68,-12.523,36.462,0.996,-0.003,0,-0.087,37.25,100926.648,-0.357,0.076,0.15,-0.147,0.036,BROKEN,STANDBY
133.135,1,1,0,0,0,ARMED,11.977,-0.251,-0.055,-9.988,-0.003,0,-0.005,-24.224,-12.981,35.956,0.996,-0.003,0,-0.087,37.25,100924.305,-0.35,0.087,0.148,-0.14,0.03,BROKEN,STANDBY
133.186,1,1,0,0,0,ARMED,11.973,-0.232,-0.035,-9.948,0,-0.001,-0.004,-24.632,-12.629,34.62,0.996,-0.002,0,-0.087,37.25,100929,-0.322,0.115,0.15,-0.132,0.022,BROKEN,STANDBY
133.237,1,1,0,0,0,ARMED,11.967,-0.212,-0.035,-9.968,0,-0.001,-0.002,-23.494,-12.134,35.537,0.996,-0.002,0,-0.087,37.25,100927.719,-0.312,0.126,0.15,-0.136,0.008,BROKEN,STANDBY
133.288,1,1,0,0,0,ARMED,11.976,-0.232,-0.035,-9.968,-0.003,0,-0.004,-24.646,-11.704,35.091,0.996,-0.002,0,-0.087,37.25,100927.719,-0.316,0.124,0.147,-0.141,0.022,BROKEN,STANDBY
133.339,1,1,0,0,0,ARMED,12.004,-0.212,-0.035,-9.948,-0.002,0,-0.004,-25.038,-12.557,35.509,0.996,-0.002,0,-0.087,37.26,100919.391,-0.316,0.126,0.149,-0.124,0.023,BROKEN,STANDBY
133.39,1,1,0,0,0,ARMED,11.981,-0.232,-0.015,-9.948,-0.002,-0.002,-0.002,-23.865,-14.4,34.907,0.996,-0.003,0,-0.087,37.26,100931.125,-0.279,0.161,0.155,-0.165,0.039,BROKEN,STANDBY
133.441,1,1,0,0,0,ARMED,11.981,-0.232,-0.055,-9.928,-0.002,-0.001,-0.003,-23.083,-12.552,35.984,0.996,-0.003,0,-0.087,37.25,100929,-0.228,0.207,0.156,-0.15,0.021,BROKEN,STANDBY
133.492,1,1,0,0,0,ARMED,11.985,-0.251,-0.015,-9.928,-0.003,0,-0.004,-23.893,-12.539,35.986,0.996,-0.002,0,-0.087,37.25,100923.016,-0.213,0.219,0.154,-0.141,0.04,BROKEN,STANDBY
133.543,1,1,0,0,0,ARMED,11.952,-0.232,-0.055,-9.968,-0.001,0.001,0,-23.905,-11.68,35.568,0.996,-0.002,0,-0.087,37.26,100922.797,-0.227,0.204,0.153,-0.123,0.022,BROKEN,STANDBY
133.594,1,1,0,0,0,ARMED,11.993,-0.212,-0.015,-9.968,0,0,-0.001,-24.236,-12.087,36.017,0.996,-0.002,0,-0.087,37.26,100928.781,-0.24,0.19,0.156,-0.13,-0.004,BROKEN,STANDBY
133.644,1,1,0,0,0,ARMED,11.985,-0.251,-0.035,-10.008,-0.002,-0.001,-0.004,-23.089,-12.14,35.536,0.996,-0.002,0,-0.087,37.26,100921.734,-0.243,0.187,0.155,-0.114,0.001,BROKEN,STANDBY
133.695,1,1,0,0,0,ARMED,11.992,-0.251,-0.055,-9.968,0.001,-0.001,-0.003,-23.496,-12.033,36.904,0.996,-0.002,0,-0.087,37.25,100918.328,-0.215,0.211,0.153,-0.118,0.037,BROKEN,STANDBY
133.746,1,1,0,0,0,ARMED,11.979,-0.232,-0.035,-9.968,0.001,-0.001,-0.002,-23.886,-12.987,35.956,0.996,-0.002,0,-0.088,37.27,100926.211,-0.194,0.228,0.148,-0.135,0.027,BROKEN,STANDBY
133.798,1,1,0,0,0,ARMED,11.993,-0.192,-0.035,-9.988,-0.002,-0.002,-0.004,-24.223,-13.017,35.478,0.996,-0.002,0,-0.088,37.26,100932.188,-0.217,0.204,0.156,-0.137,0.007,BROKEN,STANDBY
133.849,1,1,0,0,0,ARMED,11.973,-0.232,-0.015,-9.988,-0.003,0,0,-23.081,-12.653,34.617,0.996,-0.002,0,-0.088,37.26,100926.43,-0.217,0.203,0.157,-0.136,0.03,BROKEN,STANDBY
133.9,1,1,0,0,0,ARMED,11.971,-0.251,-0.015,-9.948,-0.001,-0.001,-0.003,-24.231,-12.499,36.465,0.996,-0.003,0,-0.088,37.26,100924.078,-0.198,0.219,0.16,-0.146,0.026,BROKEN,STANDBY
133.95,1,1,0,0,0,ARMED,11.965,-0.192,-0.035,-9.948,-0.002,-0.001,-0.004,-23.077,-13,35.954,0.996,-0.002,0,-0.088,37.26,100931.125,-0.221,0.195,0.153,-0.134,0.018,BROKEN,STANDBY
134.001,1,1,0,0,0,ARMED,11.978,-0.232,-0.055,-9.968,-0.001,-0.001,-0.003,-23.494,-12.134,35.537,0.996,-0.002,0,-0.088,37.26,100926.43,-0.254,0.164,0.15,-0.135,0.024,BROKEN,STANDBY
134.052,1,1,0,0,0,ARMED,11.987,-0.251,-0.035,-9.968,0,-0.001,-0.006,-24.305,-12.02,36.906,0.996,-0.002,0,-0.088,37.26,100927.484,-0.25,0.168,0.153,-0.148,0.027,BROKEN,STANDBY
134.103,1,1,0,0,0,ARMED,11.992,-0.212,-0.015,-9.968,-0.002,-0.001,-0.003,-23.075,-13.101,34.587,0.996,-0.003,0,-0.088,37.26,100928.781,-0.272,0.148,0.153,-0.151,0.032,BROKEN,STANDBY
134.153,1,1,0,0,0,ARMED,11.984,-0.232,-0.035,-9.948,0.001,0,-0.001,-23.482,-12.963,36.365,0.996,-0.002,0,-0.088,37.26,100919.391,-0.297,0.127,0.153,-0.121,0.014,BROKEN,STANDBY
134.204,1,1,0,0,0,ARMED,11.974,-0.232,-0.035,-9.948,-0.001,0.001,-0.003,-24.309,-11.674,35.569,0.996,-0.003,-0.001,-0.088,37.26,100921.734,-0.313,0.114,0.145,-0.158,0.057,BROKEN,STANDBY
134.256,1,1,0,0,0,ARMED,11.97,-0.232,-0.035,-9.948,0,0,-0.004,-23.468,-13.923,35.415,0.996,-0.003,0,-0.088,37.27,100923.859,-0.3,0.128,0.145,-0.16,0.014,BROKEN,STANDBY
134.307,1,1,0,0,0,ARMED,11.966,-0.212,-0.035,-9.968,-0.001,0,-0.002,-25.431,-13.41,35.928,0.996,-0.003,0,-0.088,37.27,100926.211,-0.308,0.123,0.149,-0.168,0.006,BROKEN,STANDBY
134.358,1,1,0,0,0,ARMED,11.98,-0.232,-0.035,-9.948,0.004,0,-0.001,-25.039,-12.521,35.988,0.996,-0.003,0,-0.088,37.27,100930.898,-0.324,0.109,0.148,-0.14,0.027,BROKEN,STANDBY
134.409,1,1,0,0,0,ARMED,11.958,-0.232,-0.035,-9.948,-0.004,0,-0.005,-23.877,-13.535,34.558,0.996,-0.002,0,-0.088,37.26,100922.797,-0.325,0.112,0.146,-0.145,-0.001,BROKEN,STANDBY
134.46,1,1,0,0,0,ARMED,11.971,-0.251,-0.035,-9.928,-0.005,0.001,-0.003,-24.304,-12.086,36.017,0.996,-0.002,0,-0.089,37.28,100930.68,-0.302,0.133,0.141,-0.139,0.002,BROKEN,STANDBY
134.511,1,1,0,0,0,ARMED,11.978,-0.212,-0.055,-9.948,0,0.001,-0.001,-23.892,-12.575,35.507,0.996,-0.003,0,-0.089,37.26,100925.148,-0.307,0.13,0.134,-0.162,0.001,BROKEN,STANDBY
134.562,1,1,0,0,0,ARMED,11.989,-0.232,-0.015,-9.968,0.001,-0.002,-0.003,-25.026,-13.452,35.449,0.996,-0.003,0,-0.089,37.28,100931.734,-0.298,0.138,0.142,-0.165,0.022,BROKEN,STANDBY
134.613,1,1,0,0,0,ARMED,11.959,-0.232,-0.055,-9.968,0.001,-0.001,0,-25.854,-12.097,35.541,0.996,-0.002,0,-0.089,37.27,100928.547,-0.319,0.121,0.143,-0.125,0.032,BROKEN,STANDBY
134.663,1,1,0,0,0,ARMED,11.973,-0.192,-0.035,-9.948,-0.003,0,-0.001,-24.212,-13.841,36.374,0.996,-0.003,0,-0.089,37.28,100930.68,-0.344,0.1,0.144,-0.164,0.012,BROKEN,STANDBY
134.714,1,1,0,0,0,ARMED,11.981,-0.232,-0.035,-9.968,-0.002,0,-0.002,-25.45,-12.068,36.019,0.996,-0.003,0,-0.089,37.27,100926.211,-0.339,0.107,0.146,-0.167,0.041,BROKEN,STANDBY
134.765,1,1,0,0,0,ARMED,12,-0.251,-0.035,-9.948,-0.001,0,-0.004,-24.628,-12.975,35.957,0.996,-0.003,0,-0.089,37.27,100922.57,-0.346,0.104,0.148,-0.152,0.029,BROKEN,STANDBY
134.816,1,1,0,0,0,ARMED,11.981,-0.232,-0.035,-9.948,-0.001,0,-0.003,-24.653,-11.221,35.6,0.996,-0.003,0,-0.089,37.27,100927.266,-0.349,0.103,0.149,-0.143,0.034,BROKEN,STANDBY
134.867,1,1,0,0,0,ARMED,11.999,-0.192,-0.055,-9.948,-0.003,0,-0.002,-23.889,-12.886,37.323,0.996,-0.002,0,-0.089,37.28,100930.68,-0.362,0.096,0.149,-0.135,0.004,BROKEN,STANDBY
134.918,1,1,0,0,0,ARMED,11.984,-0.232,-0.035,-9.968,0.001,0,0,-23.894,-12.474,36.875,0.996,-0.003,0,-0.089,37.28,100930.68,-0.348,0.111,0.147,-0.145,0.01,BROKEN,STANDBY
134.969,1,1,0,0,0,ARMED,11.981,-0.212,-0.035,-9.948,-0.003,0,-0.004,-24.229,-12.57,35.508,0.996,-0.002,0,-0.089,37.27,100922.57,-0.336,0.123,0.146,-0.129,0.022,BROKEN,STANDBY
135.02,1,1,0,0,0,ARMED,11.964,-0.232,-0.055,-9.948,0,-0.001,-0.002,-22.666,-13.453,35.923,0.996,-0.002,0,-0.089,37.28,100918.938,-0.315,0.145,0.149,-0.136,0.01,BROKEN,STANDBY
135.07,1,1,0,0,0,ARMED,11.973,-0.232,-0.055,-9.948,0,-0.001,-0.003,-23.506,-11.239,35.598,0.996,-0.003,0,-0.089,37.27,100926.211,-0.282,0.175,0.151,-0.15,0.03,BROKEN,STANDBY
135.121,1,1,0,0,0,ARMED,11.988,-0.232,-0.035,-9.988,-0.001,0.001,-0.001,-23.881,-13.399,36.404,0.996,-0.002,-0.001,-0.089,37.28,100930.68,-0.29,0.167,0.15,-0.126,0.053,BROKEN,STANDBY
135.172,1,1,0,0,0,ARMED,12.002,-0.192,-0.035,-9.968,0,0,-0.002,-25.038,-12.557,35.509,0.996,-0.002,0,-0.089,37.27,100922.57,-0.293,0.164,0.152,-0.144,-0.004,BROKEN,STANDBY
135.223,1,1,0,0,0,ARMED,11.992,-0.232,-0.035,-9.948,-0.002,0.002,-0.003,-23.879,-13.47,35.447,0.996,-0.003,0,-0.09,37.27,100920.227,-0.282,0.175,0.149,-0.151,0.041,BROKEN,STANDBY
135.274,1,1,0,0,0,ARMED,11.969,-0.212,-0.015,-9.948,-0.002,0,-0.003,-24.296,-12.568,35.508,0.996,-0.002,-0.001,-0.09,37.27,100924.914,-0.249,0.203,0.148,-0.141,0.048,BROKEN,STANDBY
135.325,1,1,0,0,0,ARMED,11.977,-0.232,-0.055,-9.968,-0.001,-0.001,-0.004,-24.635,-12.528,35.987,0.996,-0.002,0,-0.09,37.26,100920.445,-0.227,0.221,0.142,-0.13,0.039,BROKEN,STANDBY
135.375,1,1,0,0,0,ARMED,11.966,-0.232,-0.055,-9.968,-0.001,-0.001,-0.001,-24.242,-11.675,35.569,0.996,-0.003,0,-0.09,37.28,100928.328,-0.228,0.217,0.142,-0.146,0.035,BROKEN,STANDBY
135.426,1,1,0,0,0,ARMED,11.993,-0.251,-0.015,-9.968,-0.005,0.001,-0.001,-25.02,-13.863,35.897,0.996,-0.003,0,-0.09,37.27,100929.617,-0.247,0.197,0.15,-0.151,0.037,BROKEN,STANDBY
135.478,1,1,0,0,0,ARMED,11.973,-0.232,-0.055,-9.988,-0.002,0.002,-0.003,-24.231,-12.499,36.465,0.996,-0.003,0,-0.09,37.27,100929.617,-0.279,0.167,0.151,-0.138,0.026,BROKEN,STANDBY
135.528,1,1,0,0,0,ARMED,11.978,-0.212,-0.055,-9.948,-0.001,-0.002,-0.002,-25.033,-12.969,35.958,0.996,-0.003,0,-0.09,37.29,100928.109,-0.267,0.178,0.154,-0.148,0.035,BROKEN,STANDBY
135.579,1,1,0,0,0,ARMED,11.995,-0.212,-0.035,-9.948,-0.001,-0.002,-0.004,-24.291,-12.98,35.956,0.996,-0.003,0,-0.09,37.28,100929.391,-0.277,0.169,0.153,-0.148,0.038,BROKEN,STANDBY
135.63,1,1,0,0,0,ARMED,11.985,-0.212,-0.035,-9.968,-0.004,0.001,-0.004,-23.49,-12.48,36.874,0.996,-0.002,0,-0.09,37.28,100925.977,-0.33,0.121,0.154,-0.137,0.001,BROKEN,STANDBY
135.681,1,1,0,0,0,ARMED,11.977,-0.212,-0.015,-9.968,-0.002,-0.001,-0.004,-24.296,-12.568,35.508,0.996,-0.003,0,-0.09,37.27,100927.266,-0.327,0.125,0.149,-0.165,0.019,BROKEN,STANDBY
135.732,1,1,0,0,0,ARMED,11.97,-0.212,-0.035,-9.988,-0.001,-0.003,-0.001,-23.894,-12.474,36.875,0.996,-0.003,0,-0.09,37.28,100923.641,-0.347,0.109,0.151,-0.148,0.002,BROKEN,STANDBY
135.783,1,1,0,0,0,ARMED,11.981,0.116,-0.663,-18.426,-0.148,-0.358,-0.014,-26.268,-11.506,37.419,0.996,-0.001,0.001,-0.09,37.28,100924.695,-0.389,0.073,0.168,-0.018,-0.071,BROKEN,STANDBY
135.834,1,1,1,0,0,BOOST,11.971,-0.381,0.025,-35.728,0.232,-0.29,-0.059,-24.302,-12.151,35.128,0.996,0.001,-0.001,-0.092,37.28,100930.68,-0.418,0.284,8.513,0.088,0.098,BROKEN,STANDBY
135.884,1,1,1,0,0,BOOST,12.003,0.236,-0.723,-37.661,-0.153,-0.034,-0.038,-24.285,-13.428,35.926,0.996,0.002,-0.003,-0.093,37.29,100914.016,-0.458,0.889,16.26,0.12,0.186,BROKEN,STANDBY
135.935,1,1,1,0,0,BOOST,11.953,0.176,-0.683,-39.852,0.077,0.2,0.019,-24.303,-12.121,35.538,0.996,0.001,0.003,-0.093,37.29,100890.547,-0.309,1.935,21.148,0.052,-0.31,BROKEN,STANDBY
135.986,1,1,1,0,0,BOOST,12.011,0.136,-0.892,-42.698,0.091,0.268,0.049,-23.885,-13.058,34.998,0.996,0.004,0.01,-0.092,37.29,100908.039,-0.013,3.337,25.272,0.238,-0.647,BROKEN,STANDBY
136.037,1,1,1,0,0,BOOST,11.978,-0.043,-0.802,-43.61,0.1,0.287,0.052,-25.829,-13.851,35.898,0.996,0.006,0.016,-0.091,37.29,100890.547,0.344,5.185,29.036,0.283,-0.968,BROKEN,STANDBY
136.088,1,1,1,0,0,BOOST,12.01,-0.57,-0.613,-45.286,0.059,0.373,0.055,-25.457,-11.62,36.05,0.996,0.008,0.02,-0.09,37.29,100870.477,0.729,6.922,31.39,0.361,-1.247,BROKEN,STANDBY
136.139,1,1,1,0,0,BOOST,11.974,-0.709,-0.473,-47.091,0.001,0.218,0.061,-25.024,-13.517,34.56,0.996,0.01,0.024,-0.088,37.27,100851.086,1.193,8.776,33.442,0.467,-1.463,BROKEN,STANDBY
136.19,1,1,1,0,0,BOOST,11.966,-0.5,-0.454,-37.532,0.11,0.346,0.034,-25.041,-12.241,33.762,0.996,0.011,0.026,-0.087,37.27,100841.695,1.747,10.717,34.11,0.521,-1.593,BROKEN,STANDBY
136.241,1,1,1,0,0,BOOST,11.985,-0.42,-0.284,-22.035,0.091,0.18,0.04,-27.909,-9.658,32.987,0.996,0.012,0.028,-0.086,37.26,100844.266,2.395,12.52,28.62,0.558,-1.637,BROKEN,STANDBY
136.293,1,1,1,0,0,BOOST,11.955,-0.401,-0.155,-17.87,0.234,0.27,0.036,-28.3,-10.752,35.158,0.996,0.015,0.031,-0.085,37.24,100840.031,3.12,13.936,20.872,0.756,-1.886,BROKEN,STANDBY
136.344,1,1,1,0,0,BOOST,11.963,-0.401,-0.135,-16.542,0.2,0.24,0.041,-27.886,-11.337,33.349,0.996,0.018,0.031,-0.084,37.24,100829.578,3.908,15.028,15.341,0.867,-1.884,BROKEN,STANDBY
136.395,1,1,1,0,0,BOOST,11.965,-0.44,-0.115,-15.719,-0.043,0.242,0.027,-27.88,-11.754,33.729,0.996,0.02,0.033,-0.083,37.23,100825.109,4.748,15.899,11.634,1.003,-1.963,BROKEN,STANDBY
136.446,1,1,1,0,0,BOOST,11.98,-0.48,-0.185,-15.114,0.165,0.252,0.025,-28.711,-10.119,31.596,0.996,0.019,0.033,-0.082,37.21,100813.82,5.63,16.617,9.158,0.89,-2.011,BROKEN,STANDBY
136.497,1,1,1,0,0,BOOST,11.982,-0.5,-0.155,-14.826,-0.055,0.172,0.012,-28.692,-11.426,31.983,0.996,0.02,0.034,-0.081,37.2,100799.969,6.734,17.342,7.248,1.034,-2.039,BROKEN,STANDBY
136.548,1,1,1,0,0,BOOST,11.993,-0.48,-0.095,-14.43,-0.025,0.279,0.014,-29.477,-8.392,31.714,0.996,0.018,0.035,-0.081,37.18,100798.07,7.689,17.871,6.193,0.872,-2.132,BROKEN,STANDBY
136.599,1,1,1,0,0,BOOST,11.96,-0.48,-0.075,-14.142,0.057,0.3,0.022,-29.458,-9.734,31.623,0.996,0.019,0.037,-0.08,37.16,100782.086,8.672,18.349,5.439,0.947,-2.257,BROKEN,STANDBY
136.65,1,1,1,0,0,BOOST,11.996,-0.52,-0.035,-13.904,0.174,0.141,0.02,-30.26,-10.16,30.71,0.996,0.022,0.037,-0.079,37.16,100773.984,9.675,18.777,4.884,1.091,-2.2,BROKEN,STANDBY
136.701,1,1,1,0,0,BOOST,11.994,-0.48,0.055,-13.726,0.16,0.206,0.016,-29.88,-8.452,30.826,0.996,0.023,0.037,-0.079,37.14,100766.117,10.693,19.162,4.484,1.154,-2.222,BROKEN,STANDBY
136.752,1,1,1,0,0,BOOST,11.971,-0.381,0.025,-13.617,0.27,0.101,0.015,-29.892,-7.592,30.408,0.996,0.024,0.036,-0.078,37.13,100753.547,11.728,19.515,4.184,1.242,-2.118,BROKEN,STANDBY
136.803,1,1,1,0,0,BOOST,11.98,-0.42,0.075,-13.478,0.091,0.043,-0.008,-29.887,-7.974,31.266,0.996,0.026,0.034,-0.078,37.12,100735,12.775,19.839,3.967,1.372,-2.005,BROKEN,STANDBY
136.854,1,1,1,0,0,BOOST,11.971,-0.44,0.214,-13.369,0.177,0.037,-0.022,-30.701,-7.58,30.409,0.996,0.028,0.03,-0.079,37.12,100737.352,13.839,20.15,3.79,1.482,-1.785,BROKEN,STANDBY
136.905,1,1,1,0,0,BOOST,11.968,-0.381,0.194,-13.27,0.298,-0.029,-0.033,-31.519,-7.018,31.809,0.996,0.031,0.027,-0.079,37.11,100716.445,14.915,20.44,3.637,1.729,-1.639,BROKEN,STANDBY
136.957,1,1,1,0,0,BOOST,11.951,-0.401,0.234,-13.161,0.34,-0.002,-0.051,-31.119,-6.648,30.881,0.996,0.036,0.022,-0.081,37.1,100710.93,16.223,20.768,3.47,2.028,-1.387,BROKEN,STANDBY
137.008,1,1,1,0,0,BOOST,11.965,-0.401,0.334,-13.022,0.448,-0.063,-0.065,-31.138,-5.306,30.972,0.996,0.042,0.019,-0.082,37.1,100695.555,17.32,21.018,3.348,2.365,-1.227,BROKEN,STANDBY
137.059,1,1,1,0,0,BOOST,11.962,-0.381,0.453,-12.972,0.452,-0.037,-0.081,-30.708,-7.097,30.918,0.995,0.049,0.016,-0.084,37.1,100689.805,18.419,21.245,3.227,2.807,-1.105,BROKEN,STANDBY
137.11,1,1,1,0,0,BOOST,11.963,-0.341,0.622,-12.893,0.571,-0.041,-0.1,-31.159,-3.932,32.494,0.995,0.055,0.013,-0.087,37.1,100672.086,19.528,21.46,3.111,3.151,-1.015,BROKEN,STANDBY
137.161,1,1,1,0,0,BOOST,11.966,-0.341,0.662,-12.764,0.629,0.011,-0.122,-31.176,-2.661,31.628,0.994,0.066,0.011,-0.089,37.11,100661.414,20.644,21.664,2.994,3.83,-0.979,BROKEN,STANDBY
137.212,1,1,1,0,0,BOOST,11.967,-0.301,0.931,-12.665,0.552,0.113,-0.158,-29.561,-2.55,33.471,0.993,0.076,0.01,-0.093,37.1,100646.281,21.767,21.854,2.853,4.371,-1.015,BROKEN,STANDBY
137.263,1,1,1,0,0,BOOST,11.996,-0.341,1.19,-12.605,0.558,0.097,-0.205,-31.598,-1.378,30.831,0.991,0.086,0.011,-0.097,37.1,100643.93,22.895,22.031,2.747,4.939,-1.123,BROKEN,STANDBY
137.314,1,1,1,0,0,BOOST,11.996,-0.291,1.19,-12.536,0.711,0.182,-0.238,-31.201,-0.902,31.339,0.99,0.097,0.013,-0.103,37.1,100627.508,24.02,22.187,2.585,5,-1.366,BROKEN,STANDBY
137.364,1,1,1,0,0,BOOST,11.965,-0.401,1.19,-12.457,0.66,0.2,-0.286,-32.818,-0.947,30.385,0.988,0.109,0.016,-0.109,37.1,100620.469,25.148,22.329,2.423,5,-1.676,BROKEN,STANDBY
137.415,1,1,1,0,0,BOOST,11.978,-0.212,1.39,-12.338,0.671,0.271,-0.336,-32.852,1.526,28.716,0.985,0.122,0.021,-0.116,37.11,100605.102,26.279,22.457,2.225,5,-2.088,BROKEN,STANDBY
137.466,1,1,1,0,0,BOOST,12,-0.381,1.499,-12.189,0.736,0.326,-0.383,-31.209,-0.215,28.597,0.983,0.135,0.026,-0.125,37.11,100586.328,27.417,22.574,2.005,5,-2.541,BROKEN,STANDBY
137.517,1,1,1,0,0,BOOST,11.977,-0.401,1.688,-12.417,0.801,0.272,-0.443,-33.271,2.498,29.735,0.979,0.148,0.032,-0.135,37.1,100570.125,28.791,22.702,1.764,5,-3.05,BROKEN,STANDBY
137.568,1,1,1,0,0,BOOST,11.978,-0.401,1.828,-12.248,0.944,0.342,-0.52,-33.601,2.02,29.226,0.975,0.165,0.036,-0.147,37.1,100573.539,29.936,22.792,1.567,5,-3.512,BROKEN,STANDBY
137.619,1,1,1,0,0,BOOST,12.007,-0.729,2.266,-12.288,1.027,0.21,-0.588,-33.186,1.43,27.349,0.969,0.185,0.04,-0.16,37.1,100550.07,31.078,22.864,1.307,5,-4.015,BROKEN,STANDBY
137.669,1,1,1,0,0,BOOST,11.973,-0.689,2.416,-12.248,1.178,0.16,-0.685,-36.053,3.992,25.28,0.962,0.207,0.043,-0.175,37.1,100537.281,32.222,22.918,0.938,5,-4.553,BROKEN,STANDBY
137.72,1,1,1,0,0,BOOST,11.978,-0.748,3.312,-12.536,1.454,0.157,-0.796,-37.261,3.599,25.731,0.952,0.231,0.044,-0.194,37.09,100516.391,33.367,22.952,0.548,5,-5,BROKEN,STANDBY
137.771,1,1,1,0,0,BOOST,11.982,-1.395,3.87,-12.546,1.668,0.243,-0.965,-37.268,4.256,22.578,0.939,0.265,0.045,-0.216,37.1,100513.82,34.52,22.968,-0.007,5,-5,BROKEN,STANDBY
137.822,1,1,1,0,0,BOOST,11.966,-2.876,4.498,-12.645,2.015,0.213,-1.151,-35.661,5.05,22.631,0.921,0.304,0.047,-0.24,37.09,100515.109,35.673,22.95,-0.751,5,-5,BROKEN,STANDBY
137.873,1,1,1,0,0,BOOST,11.965,-3.91,5.166,-12.586,2.415,0.269,-1.358,-38.025,5.434,21.298,0.895,0.351,0.049,-0.269,37.09,100501.031,36.816,22.877,-1.929,5,-5,BROKEN,STANDBY
137.923,1,1,1,0,0,BOOST,11.988,-4.854,5.773,-12.685,2.551,0.37,-1.624,-40.051,5.741,19.007,0.862,0.403,0.052,-0.303,37.08,100491.867,37.944,22.725,-3.479,5,-5,BROKEN,STANDBY
137.974,1,1,1,0,0,BOOST,11.977,-4.805,6.62,-12.913,2.924,0.48,-1.903,-40.831,3.872,16.636,0.82,0.457,0.056,-0.339,37.1,100488.008,39.052,22.48,-5.274,0,0,BROKEN,STANDBY
138.025,1,1,1,0,0,BOOST,11.977,-5.749,7.058,-12.705,3.545,0.547,-2.206,-42.38,3.795,15.271,0.764,0.519,0.063,-0.379,37.08,100461.367,40.135,22.131,-7.35,0,0,BROKEN,STANDBY
138.076,1,1,1,0,0,BOOST,11.982,-9.755,6.879,-13.121,4.238,0.557,-2.54,-43.15,1.267,11.018,0.689,0.585,0.067,-0.422,37.08,100451.977,41.207,21.67,-9.964,0,0,BROKEN,STANDBY
138.127,1,1,1,0,0,BOOST,11.94,-12.728,8.543,-13.062,4.57,0.999,-2.942,-44.714,-2.379,8.527,0.591,0.656,0.071,-0.465,37.08,100420.414,42.475,20.908,-14.706,0,0,BROKEN,STANDBY
138.177,1,1,1,0,0,BOOST,11.992,-8.861,9.609,-13.557,4.752,1.746,-3.358,-45.861,-6.931,5.906,0.47,0.726,0.087,-0.495,37.08,100409.977,43.519,20.073,-18.294,0,0,BROKEN,STANDBY
138.228,1,1,1,0,0,BOOST,11.982,-7.946,8.374,-13.766,4.76,2.819,-3.774,-44.944,-14.296,1.8,0.328,0.792,0.119,-0.501,37.07,100424.289,44.51,19.097,-20.518,0,0,BROKEN,STANDBY
138.28,1,1,1,0,0,BOOST,11.995,-8.324,5.106,-13.766,4.39,3.937,-4.12,-45.243,-21.536,-1.889,0.17,0.847,0.166,-0.475,37.07,100444.117,45.421,18.007,-22.11,0,0,BROKEN,STANDBY
138.331,1,1,1,0,0,BOOST,11.98,-7.121,3.293,-13.637,3.496,4.908,-4.34,-41.416,-34.341,-7.728,0.008,0.885,0.224,-0.409,37.07,100471.219,46.215,16.825,-22.793,0,0,BROKEN,STANDBY
138.382,1,1,1,0,0,BOOST,11.976,-5.371,1.31,-13.23,2.399,5.482,-4.392,-36.896,-43.679,-14.692,-0.141,0.897,0.286,-0.307,37.08,100510.867,46.855,15.567,-22.778,0,0,BROKEN,STANDBY
138.433,1,1,1,0,0,BOOST,11.971,-4.019,0.055,-13.161,1.127,5.496,-4.42,-27.274,-51.597,-18.435,-0.259,0.884,0.347,-0.176,37.08,100533.047,47.303,14.244,-22.251,0,0,BROKEN,STANDBY
138.484,1,1,1,0,0,BOOST,11.984,-2.786,-0.802,-13.141,0.009,5.36,-4.399,-15.138,-60.853,-22.678,-0.344,0.849,0.4,-0.028,37.08,100535.391,47.567,12.883,-21.38,0,0,BROKEN,STANDBY
138.534,1,1,1,0,0,BOOST,11.988,-1.484,-0.643,-12.992,-0.965,5.112,-4.318,11.593,-63.063,-22.849,-0.391,0.797,0.441,0.131,37.08,100541.375,47.672,11.513,-20.304,0,0,BROKEN,STANDBY
138.585,1,1,1,0,0,BOOST,11.981,-1.584,-0.175,-12.794,-1.773,4.722,-4.279,24.272,-58.519,-23.911,-0.405,0.732,0.465,0.289,37.1,100535.984,47.646,10.172,-18.753,0,0,BROKEN,STANDBY
138.636,1,1,1,0,0,BOOST,11.987,-1.206,0.094,-12.477,-2.669,3.934,-4.27,32.508,-49.992,-20.209,-0.384,0.659,0.474,0.441,37.1,100517.219,47.513,8.896,-16.85,0,0,BROKEN,STANDBY
138.687,1,1,1,0,0,BOOST,11.978,-0.043,0.075,-12.377,-3.483,3.436,-4.281,39.966,-38.839,-16.261,-0.33,0.584,0.466,0.576,37.11,100498.219,47.263,7.492,-14.484,0,0,BROKEN,STANDBY
138.738,1,1,1,0,0,BOOST,11.993,-0.212,0.981,-12.536,-4.068,2.891,-4.26,46.155,-28.635,-12.375,-0.248,0.507,0.439,0.699,37.12,100499.281,47.02,6.443,-12.619,0,0,BROKEN,STANDBY
138.789,1,1,1,0,0,BOOST,11.992,-0.251,1.35,-12.536,-4.483,1.969,-4.29,47.179,-15.526,-7.404,-0.144,0.432,0.393,0.799,37.12,100495.641,46.759,5.522,-10.365,0,0,BROKEN,STANDBY
138.84,1,1,1,0,0,BOOST,11.969,-1.146,1.519,-12.586,-4.469,1.156,-4.318,47.417,-3.918,-4.848,-0.018,0.366,0.332,0.869,37.12,100490.945,46.482,4.729,-8.105,0,0,BROKEN,STANDBY
138.891,1,1,1,0,0,BOOST,11.971,-1.335,1.37,-12.605,-4.42,0.28,-4.319,46.037,7.467,1.369,0.112,0.307,0.263,0.908,37.14,100489.43,46.203,4.081,-5.585,0,0,BROKEN,STANDBY
138.942,1,1,1,0,0,BOOST,11.985,-1.434,1.21,-12.338,-4.233,-0.439,-4.34,40.33,14.978,6.441,0.243,0.263,0.195,0.913,37.14,100484.734,45.913,3.563,-3.306,0,0,BROKEN,STANDBY
138.993,1,1,1,0,0,BOOST,11.985,-1.713,0.603,-12.338,-3.898,-1.237,-4.332,36.634,23.486,8.382,0.369,0.231,0.12,0.892,37.13,100488.367,45.61,3.145,-1.697,0,0,BROKEN,STANDBY
139.044,1,1,1,0,0,BOOST,11.985,-1.584,0.353,-12.437,-3.54,-1.887,-4.311,30.557,28.696,12.346,0.489,0.214,0.044,0.845,37.14,100484.734,45.3,2.808,-0.345,0,0,BROKEN,STANDBY
139.095,1,1,1,0,0,BOOST,12.001,-1.464,0.174,-12.566,-2.811,-2.533,-4.263,25.359,33.589,17.241,0.595,0.208,-0.03,0.776,37.14,100485.789,44.995,2.539,0.639,0,0,BROKEN,STANDBY
139.146,1,1,1,0,0,BOOST,11.988,-1.395,-0.115,-12.814,-2.355,-2.909,-4.244,20.536,35.994,19.653,0.686,0.215,-0.102,0.688,37.14,100482.156,44.705,2.327,1.273,0,0,BROKEN,STANDBY
139.196,1,1,1,0,0,BOOST,11.977,-1.524,-0.414,-12.972,-1.798,-3.149,-4.204,14.925,37.048,20.681,0.757,0.237,-0.166,0.586,37.14,100476.406,44.431,2.151,1.576,0,0,BROKEN,STANDBY
139.248,1,1,1,0,0,BOOST,11.997,-1.444,-0.872,-13.081,-1.006,-3.361,-4.143,10.551,36.324,21.996,0.808,0.27,-0.219,0.476,37.14,100479.805,44.12,1.966,1.564,0,0,BROKEN,STANDBY
139.299,1,1,1,0,0,BOOST,11.992,-0.858,-1.261,-13.081,-0.5,-3.307,-4.101,4.535,37.379,22.957,0.839,0.311,-0.264,0.361,37.14,100480.039,43.877,1.814,1.126,0,0,BROKEN,STANDBY
139.35,1,1,1,0,0,BOOST,11.988,-0.44,-1.559,-13.29,0.208,-3.182,-4.05,2.909,37.917,23.879,0.85,0.358,-0.299,0.244,37.13,100469.602,43.644,1.639,0.347,0,0,BROKEN,STANDBY
139.401,1,1,1,0,0,BOOST,11.993,0.156,-1.53,-13.29,0.627,-2.977,-4.026,-2.653,40.202,24.515,0.844,0.41,-0.322,0.129,37.12,100467.484,43.436,1.44,-0.687,0,0,BROKEN,STANDBY
139.452,1,1,1,0,0,BOOST,11.988,0.693,-1.241,-13.349,1.021,-2.718,-4.018,-5.445,37.501,22.497,0.82,0.464,-0.334,0.019,37.13,100469.602,43.259,1.206,-2.021,0,0,BROKEN,STANDBY
139.503,1,1,1,0,0,BOOST,11.992,1.25,-1.201,-13.389,1.252,-2.439,-4.029,-10.963,36.728,22.925,0.784,0.516,-0.335,-0.087,37.11,100463.016,43.105,0.928,-3.384,0,0,BROKEN,STANDBY
139.554,1,1,1,0,0,BOOST,11.942,1.687,-0.742,-13.25,1.431,-2.148,-4.045,-16.146,36.226,21.058,0.735,0.564,-0.326,-0.187,37.11,100467.719,42.963,0.596,-4.816,0,0,BROKEN,STANDBY
139.605,1,1,1,0,0,BOOST,11.977,2.065,-0.264,-13.25,1.425,-1.932,-4.096,-19.76,34.258,22.764,0.676,0.607,-0.309,-0.282,37.11,100466.656,42.824,0.208,-6.177,0,0,BROKEN,STANDBY
139.656,1,1,1,0,0,BOOST,11.957,2.463,0.045,-13.29,1.406,-1.724,-4.169,-25.246,31.458,19.857,0.607,0.645,-0.283,-0.368,37.11,100461.969,42.692,-0.224,-7.329,0,0,BROKEN,STANDBY
139.707,1,1,1,0,0,BOOST,11.98,2.791,0.812,-13.23,1.377,-1.604,-4.241,-29.545,25.475,21.291,0.531,0.673,-0.249,-0.451,37.11,100454.93,42.552,-0.778,-8.452,0,0,BROKEN,STANDBY
139.757,1,1,1,0,0,BOOST,12,2.602,1.768,-13.309,1.217,-1.446,-4.376,-32.286,19.06,22.218,0.445,0.694,-0.209,-0.525,37.11,100466.656,42.44,-1.265,-9.218,0,0,BROKEN,STANDBY
139.808,1,1,1,0,0,BOOST,11.954,2.353,2.545,-13.329,1.375,-1.626,-4.496,-35.368,12.916,21.736,0.354,0.705,-0.161,-0.593,37.11,100450.227,42.331,-1.765,-9.741,0,0,BROKEN,STANDBY
139.86,1,1,1,0,0,BOOST,11.982,2.164,3.103,-13.428,1.465,-1.532,-4.646,-37.301,6.519,24.092,0.251,0.705,-0.112,-0.654,37.11,100459.617,42.212,-2.27,-9.819,0,0,BROKEN,STANDBY
139.911,1,1,1,0,0,BOOST,11.965,2.274,3.482,-13.676,1.695,-1.602,-4.793,-37.957,0.447,24.089,0.139,0.693,-0.06,-0.705,37.11,100461.969,42.082,-2.755,-9.443,0,0,BROKEN,STANDBY
139.962,1,1,1,0,0,BOOST,11.985,1.359,4.538,-13.845,2.179,-1.492,-4.95,-35.892,-7.395,25.8,0.015,0.669,-0.012,-0.743,37.11,100452.578,41.926,-3.21,-8.685,0,0,BROKEN,STANDBY
140.013,1,1,1,0,0,BOOST,11.988,-0.48,4.996,-14.341,2.635,-1.044,-5.152,-32.584,-12.747,31.353,-0.122,0.636,0.03,-0.762,37.11,100466.656,41.758,-3.622,-7.978,0,0,BROKEN,STANDBY
140.063,1,1,1,0,0,BOOST,11.985,-0.748,4.877,-14.469,3.144,-0.222,-5.33,-28.555,-16.314,31.107,-0.269,0.597,0.061,-0.753,37.12,100454.688,41.553,-4.012,-7.33,0,0,BROKEN,STANDBY
140.114,1,1,1,0,0,BOOST,11.977,-2.101,5.016,-14.489,3.326,0.59,-5.492,-24.931,-20.054,34.456,-0.42,0.557,0.079,-0.712,37.13,100456.805,41.365,-4.318,-5.798,0,0,BROKEN,STANDBY
140.165,1,1,1,0,0,BOOST,11.988,-2.896,4.129,-14.281,3.272,1.53,-5.665,-23.302,-20.873,35.76,-0.566,0.518,0.086,-0.636,37.12,100458.102,41.196,-4.526,-4.274,0,0,BROKEN,STANDBY
140.216,1,1,1,0,0,BOOST,11.988,-4.039,3.183,-14.261,2.861,2.331,-5.816,-22.97,-20.496,34.901,-0.695,0.481,0.082,-0.528,37.12,100479.219,41.021,-4.668,-3.142,0,0,BROKEN,STANDBY
140.267,1,1,1,0,0,BOOST,11.988,-3.999,2.605,-14.013,2.041,3.036,-5.94,-22.976,-20.049,34.931,-0.801,0.449,0.071,-0.388,37.12,100488.602,40.763,-4.803,-2.081,0,0,BROKEN,STANDBY
140.317,1,1,1,0,0,BOOST,11.968,-4.039,0.931,-13.617,1.042,3.526,-5.991,-24.468,-24.078,33.298,-0.874,0.426,0.055,-0.227,37.11,100505.258,40.474,-4.921,-1.552,0,0,BROKEN,STANDBY
140.368,1,1,1,0,0,BOOST,11.988,-3.472,0.254,-13.478,0.147,3.689,-5.993,-24.412,-27.859,30.32,-0.908,0.414,0.035,-0.055,37.13,100528.266,40.086,-5.084,-1.198,0,0,BROKEN,STANDBY
140.419,1,1,1,0,0,BOOST,11.981,-2.786,-0.055,-13.428,-0.914,3.373,-5.956,-24.717,-34.682,26.252,-0.902,0.413,0.015,0.123,37.13,100534.25,39.599,-5.297,-0.996,0,0,BROKEN,STANDBY
140.47,1,1,1,0,0,BOOST,11.951,-2.309,0.005,-13.309,-1.788,2.843,-5.92,-23.792,-42.565,21.158,-0.859,0.422,0.002,0.29,37.13,100536.586,39.04,-5.545,-0.864,0,0,BROKEN,STANDBY
140.521,1,1,1,0,0,BOOST,11.981,-2.13,0.373,-13.428,-2.451,2.088,-5.873,-14.049,-54.156,14.921,-0.782,0.438,-0.007,0.444,37.13,100545.977,38.446,-5.804,-0.759,0,0,BROKEN,STANDBY
140.572,1,1,1,0,0,BOOST,11.969,-1.673,0.264,-13.409,-2.733,1.302,-5.846,-6.425,-59.009,10.095,-0.676,0.461,-0.007,0.574,37.13,100544.688,37.841,-6.059,-0.789,0,0,BROKEN,STANDBY
140.623,1,1,1,0,0,BOOST,11.984,-1.584,0.353,-13.537,-2.912,0.472,-5.831,4.434,-63.642,2.901,-0.546,0.488,0.002,0.681,37.12,100533.188,37.246,-6.306,-0.986,0,0,BROKEN,STANDBY
140.674,1,1,1,0,0,BOOST,11.973,-2.329,0.911,-13.656,-3.071,-0.62,-5.834,17.547,-60.851,-3.723,-0.405,0.517,0.021,0.754,37.14,100545.75,36.695,-6.525,-1.166,0,0,BROKEN,STANDBY
140.724,1,1,1,0,0,BOOST,11.976,-3.224,-0.015,-13.845,-2.712,-1.323,-5.829,29.423,-56.526,-7.929,-0.25,0.549,0.05,0.796,37.13,100541.289,36.165,-6.728,-1.309,0,0,BROKEN,STANDBY
140.776,1,1,1,0,0,BOOST,11.992,-3.751,0.134,-14.113,-2.176,-1.978,-5.805,42.667,-34.239,-18.672,-0.093,0.578,0.089,0.806,37.13,100540,35.678,-6.901,-1.429,0,0,BROKEN,STANDBY
140.827,1,1,1,1,0,DESCENT,11.981,2.502,-2.685,31.458,-1.473,-2.397,-5.744,43.657,-18.342,-22.151,0.059,0.603,0.136,0.784,37.14,100503.508,35.153,-7.074,-1.799,0,0,BROKEN,FIRING
140.877,1,1,1,1,0,DESCENT,11.984,-5.331,-0.862,-17.851,-0.678,-2.29,-5.743,42.648,-4.094,-25.265,0.197,0.618,0.194,0.736,37.13,100523.57,34.795,-7.165,-1.881,0,0,BROKEN,FIRING
140.928,1,1,1,1,0,DESCENT,11.974,-3.582,-2.516,-16.79,-0.028,-1.848,-5.672,34.888,10.749,-27.789,0.318,0.618,0.26,0.67,37.13,100521.227,34.498,-7.23,-2.476,0,0,BROKEN,FIRING
140.979,1,1,1,1,0,DESCENT,11.98,-2.786,-3.363,-16.522,0.332,-1.471,-5.536,27.581,17.577,-32.286,0.422,0.6,0.333,0.592,37.12,100515.695,34.248,-7.294,-3.198,0,0,BROKEN,FIRING
141.03,1,1,1,1,0,DESCENT,11.981,-2.747,-4.309,-16.631,0.379,-1.026,-5.364,18.728,23.797,-33.286,0.505,0.569,0.402,0.509,37.11,100514.648,34.056,-7.348,-3.818,0,0,BROKEN,FIRING
141.081,1,1,1,1,0,DESCENT,11.989,-1.315,-4.767,-15.818,-0.074,-0.633,-4.868,5.523,27.89,-33.882,0.575,0.523,0.463,0.427,37.11,100521.688,33.913,-7.393,-4.325,0,0,BROKEN,FIRING
141.132,1,1,1,1,0,DESCENT,11.967,-0.172,-4.927,-15.709,-1.105,-0.484,-3.786,-2.826,27.097,-34.337,0.636,0.461,0.5,0.364,37.09,100523.43,33.786,-7.437,-4.394,0,0,BROKEN,FIRING
141.183,1,1,1,1,0,DESCENT,11.977,0.544,-5.017,-15.342,-1.925,-0.602,-3.029,-10.059,28.303,-31.597,0.691,0.394,0.513,0.322,37.09,100542.211,33.653,-7.47,-3.957,0,0,BROKEN,FIRING
141.234,1,1,1,1,0,DESCENT,11.954,2.254,-5.056,-15.481,-2.294,-0.879,-2.438,-15.58,27.632,-29.801,0.743,0.325,0.505,0.295,37.07,100550.984,33.483,-7.494,-2.98,0,0,BROKEN,FIRING
141.285,1,1,1,1,0,DESCENT,11.981,2.771,-5.325,-15.53,-2.843,-1.699,-1.725,-19.978,28.513,-24.839,0.794,0.257,0.476,0.277,37.05,100551.445,33.267,-7.482,-1.413,0,0,BROKEN,FIRING
141.336,1,1,1,1,0,DESCENT,11.996,4.063,-4.638,-15.649,-3.025,-2.351,-0.904,-26.396,29.054,-18.879,0.844,0.192,0.421,0.271,37.04,100549.328,33.037,-7.395,0.397,0,0,BROKEN,FIRING
141.387,1,1,1,1,0,DESCENT,11.959,4.848,-4.05,-15.758,-3.241,-2.689,-0.355,-31.624,30.763,-2.908,0.886,0.132,0.348,0.277,37.02,100533.367,32.773,-7.167,2.619,0,0,BROKEN,FIRING
141.438,1,1,1,1,0,DESCENT,11.995,4.202,-3.532,-15.917,-3.795,-3.357,0.505,-32.027,30.136,6.575,0.919,0.074,0.25,0.297,37.02,100562.797,32.577,-6.872,4.226,0,0,BROKEN,FIRING
141.489,1,1,1,1,0,DESCENT,11.965,3.089,-3.263,-16.026,-3.778,-3.58,0.954,-29.601,29.64,17.424,0.934,0.018,0.136,0.329,37.02,100575.602,32.359,-6.539,5.318,0,0,BROKEN,FIRING
141.54,1,1,1,1,0,DESCENT,11.982,1.498,-2.307,-16.195,-4.174,-3.633,1.178,-22.818,26.216,26.711,0.931,-0.04,0.015,0.363,37.03,100607.148,32.072,-6.232,5.819,0,0,BROKEN,FIRING
141.591,1,1,1,1,0,DESCENT,11.964,0.584,-5.266,-18.723,-4.952,-3.552,1.019,-15.537,21.074,34.928,0.908,-0.106,-0.107,0.392,37.02,100614.414,31.686,-5.998,5.795,0,0,BROKEN,FIRING
141.642,1,1,1,1,0,DESCENT,11.973,1.339,-3.144,-22.035,-5.722,-3.048,0.4,-7.847,10.944,41.99,0.869,-0.192,-0.227,0.395,37.02,100636.602,31.205,-5.837,6.154,0,0,BROKEN,FIRING
141.693,1,1,1,1,0,DESCENT,11.973,-2.021,0.005,-23.74,-6.665,-3.256,0.179,-1.211,-5.564,45.83,0.804,-0.292,-0.355,0.376,37.03,100628.266,30.671,-5.726,5.489,0,0,BROKEN,FIRING
141.743,1,1,1,1,0,DESCENT,11.969,-3.85,5.873,-25.337,-6.152,-2.363,1.086,5.358,-21.468,39.779,0.716,-0.394,-0.46,0.346,37.03,100618.875,30.148,-5.653,4.651,0,0,BROKEN,FIRING
141.794,1,1,1,1,0,DESCENT,11.978,-3.641,8.374,-26.1,-3.686,-0.469,1.459,8.791,-35.055,34.296,0.633,-0.483,-0.511,0.324,37.03,100624.625,29.674,-5.601,3.233,0,0,BROKEN,FIRING
141.845,1,1,1,1,0,DESCENT,11.947,-4.158,9.42,-24.94,-0.085,1.133,0.291,7.302,-43.825,28.735,0.605,-0.53,-0.506,0.311,37.05,100617.141,29.235,-5.615,1.476,0,0,BROKEN,CONFIRMED
141.896,1,1,1,1,0,DESCENT,11.98,-3.313,5.335,-22.947,3.185,2.22,-1.455,5.674,-43.221,30.546,0.656,-0.505,-0.473,0.301,37.04,100616.078,28.834,-5.671,0.086,0,0,BROKEN,CONFIRMED
141.948,1,1,1,1,0,DESCENT,11.986,-1.713,2.495,-23.076,4.82,3.173,-2.008,3.59,-34.46,35.225,0.75,-0.428,-0.417,0.283,37.05,100622.891,28.385,-5.777,-0.501,0,0,BROKEN,CONFIRMED
141.999,1,1,1,1,0,DESCENT,11.981,-0.937,0.583,-21.42,4.325,3.698,-1.433,-0.942,-24.258,41.84,0.842,-0.339,-0.332,0.259,37.07,100635.461,28.028,-5.827,0.48,0,0,BROKEN,CONFIRMED
142.05,1,1,1,1,0,DESCENT,11.988,0.653,-2.576,-19.199,3.732,3.748,-1.923,-8.726,-12.699,43.038,0.911,-0.256,-0.231,0.228,37.06,100622.664,27.683,-5.798,1.885,0,0,BROKEN,CONFIRMED
142.101,1,1,1,1,0,DESCENT,11.985,-0.192,0.055,-17.702,2.67,3.613,-3.063,-16.792,-4.798,40.86,0.96,-0.181,-0.137,0.163,37.07,100629.477,27.351,-5.697,3.257,0,0,BROKEN,CONFIRMED
142.152,1,1,1,1,0,DESCENT,11.977,1.966,-0.284,-17.186,2.052,3.293,-3.095,-24.784,-1.985,36.091,0.988,-0.12,-0.051,0.078,37.08,100635,27.035,-5.515,4.686,0,0,BROKEN,CONFIRMED
142.202,1,1,1,1,0,DESCENT,11.996,1.379,-0.493,-16.879,0.945,2.303,-3.628,-31.162,-3.632,30.542,0.997,-0.078,0.017,-0.01,37.08,100636.289,26.739,-5.275,5.44,0,0,BROKEN,CONFIRMED
142.253,1,1,1,1,0,DESCENT,11.977,0.315,0.682,-17.266,0.395,1.65,-3.692,-34.673,-7.795,26.656,0.99,-0.058,0.061,-0.109,37.08,100637.352,26.464,-4.996,6.127,0,0,BROKEN,CONFIRMED
142.304,1,1,1,1,0,DESCENT,11.955,0.961,0.483,-17.186,0.197,1.231,-3.185,-36.523,-15.006,23.039,0.975,-0.05,0.089,-0.199,37.08,100642.039,26.215,-4.679,6.622,0,0,BROKEN,CONFIRMED
142.355,1,1,1,1,0,DESCENT,11.978,1.299,0.702,-16.879,0.155,0.711,-2.494,-37.648,-21.002,18.959,0.955,-0.043,0.106,-0.272,37.08,100637.352,25.991,-4.341,6.787,0,0,BROKEN,CONFIRMED
142.406,1,1,1,1,0,DESCENT,11.978,0.425,0.852,-17.93,0.398,0.212,-1.538,-37.566,-26.779,18.09,0.939,-0.037,0.107,-0.323,37.11,100640.297,25.792,-3.99,6.984,0,0,BROKEN,CONFIRMED
142.457,1,1,1,1,0,DESCENT,11.974,1.17,1.23,-17.791,0.571,-0.181,-0.731,-34.321,-32.117,17.793,0.93,-0.029,0.101,-0.353,37.09,100637.117,25.589,-3.538,7.434,0,0,BROKEN,CONFIRMED
142.508,1,1,1,1,0,DESCENT,11.962,1.419,1.31,-17.285,0.977,-0.407,0.458,-36.681,-32.085,17.729,0.93,-0.017,0.083,-0.359,37.09,100634.766,25.448,-3.142,7.583,0,0,BROKEN,CONFIRMED
142.558,1,1,1,1,0,DESCENT,11.979,1.111,1.081,-17.186,1.295,-1.093,1.501,-34.356,-29.749,19.723,0.94,0,0.053,-0.338,37.1,100633.484,25.34,-2.737,7.527,0,0,BROKEN,CONFIRMED
142.609,1,1,1,1,0,DESCENT,11.983,1.876,1.539,-16.79,1.381,-1.847,2.578,-35.225,-25.648,21.839,0.957,0.019,0.011,-0.291,37.1,100635.836,25.258,-2.331,7.43,0,0,BROKEN,CONFIRMED
142.66,1,1,1,1,0,DESCENT,11.985,2.313,2.336,-15.987,1.741,-2.651,4.108,-34.125,-17.907,26.445,0.975,0.041,-0.054,-0.21,37.09,100634.766,25.192,-1.942,7.017,0,0,BROKEN,CONFIRMED
142.711,1,1,1,1,0,DESCENT,11.972,0.385,1.101,-16.443,1.036,-4.074,5.897,-30.666,-10.098,31.463,0.985,0.048,-0.144,-0.084,37.1,100638.18,25.153,-1.577,6.403,0,0,BROKEN,CONFIRMED
142.762,1,1,1,1,0,DESCENT,11.973,0.812,0.453,-16.621,-0.201,-4.618,6.336,-24.839,1.73,38.18,0.964,0.032,-0.254,0.069,37.1,100638.18,25.132,-1.239,5.785,0,0,BROKEN,CONFIRMED
142.813,1,1,1,1,0,DESCENT,11.987,0.275,0.353,-17.077,-1.663,-5.164,6.484,-11.794,8.77,41.845,0.903,-0.019,-0.372,0.215,37.09,100636.055,25.124,-0.946,4.791,0,0,BROKEN,CONFIRMED
142.865,1,1,1,1,0,DESCENT,11.976,-0.251,0.154,-17.583,-3.17,-4.82,6.241,2.167,8.479,40.862,0.799,-0.102,-0.486,0.338,37.09,100641.805,25.134,-0.714,3.241,0,0,BROKEN,CONFIRMED
142.916,1,1,1,1,0,DESCENT,11.985,-0.48,0.294,-18.118,-4.304,-3.906,5.68,26.45,-15.641,33.763,0.667,-0.208,-0.58,0.419,37.08,100642.039,25.145,-0.59,0.871,0,0,BROKEN,CONFIRMED
142.966,1,1,1,1,0,DESCENT,11.985,-0.301,0.134,-18.495,-5.605,-3.083,5.041,28.279,-34.729,24.778,0.52,-0.324,-0.649,0.451,37.09,100638.406,25.158,-0.613,-2.5,0,0,BROKEN,CONFIRMED
143.018,1,1,1,1,0,DESCENT,12.001,-0.063,-0.015,-18.634,-5.953,-1.929,4.606,26.963,-50.568,11.935,0.37,-0.442,-0.692,0.434,37.08,100638.641,25.175,-0.902,-7.776,0,0,BROKEN,CONFIRMED
143.069,1,1,1,1,0,DESCENT,11.953,0.216,0.045,-18.594,-5.935,-0.541,4.356,22.304,-58.899,-0.397,0.227,-0.554,-0.707,0.377,37.08,100632.656,25.172,-1.396,-12.524,0,0,BROKEN,CONFIRMED
143.12,1,1,1,1,0,DESCENT,11.987,0.484,-0.175,-18.515,-5.83,0.572,4.292,12.824,-64.708,-15.75,0.096,-0.655,-0.692,0.289,37.09,100627.734,25.163,-2.105,-17.012,0,0,BROKEN,CONFIRMED
143.17,1,1,1,1,0,DESCENT,11.962,0.753,-0.364,-18.386,-5.745,1.606,4.252,2.832,-63.16,-26.999,-0.014,-0.739,-0.65,0.175,37.08,100625.617,25.134,-3.005,-20.769,0,0,BROKEN,CONFIRMED
143.221,1,1,1,1,0,DESCENT,12,0.315,-1.37,-18.138,-5.308,2.612,4.28,-2.477,-54.255,-38.091,-0.104,-0.802,-0.586,0.044,37.09,100623.039,25.085,-4.04,-23.435,0,0,BROKEN,CONFIRMED
143.272,1,1,1,1,0,DESCENT,11.981,-0.003,-2.456,-17.999,-4.754,3.628,4.205,-5.371,-44.709,-46.013,-0.168,-0.84,-0.503,-0.116,37.08,100618.578,25.009,-5.149,-24.668,0,0,BROKEN,CONFIRMED
143.323,1,1,1,1,0,DESCENT,11.973,-0.669,-3.741,-17.702,-3.969,4.716,4,-3.181,-32.437,-51.1,-0.193,-0.844,-0.415,-0.279,37.08,100618.805,24.912,-6.239,-24.117,0,0,BROKEN,CONFIRMED
143.374,1,1,1,1,0,DESCENT,12.003,-1.464,-5.385,-17.543,-3.272,5.499,3.781,4.604,-20.321,-52.121,-0.185,-0.814,-0.325,-0.444,37.06,100617.969,24.783,-7.23,-21.75,0,0,BROKEN,CONFIRMED
143.425,1,1,1,1,0,DESCENT,11.979,-4.665,-4.678,-17.285,-1.844,6.373,3.325,15.717,-15.005,-48.095,-0.149,-0.747,-0.243,-0.6,37.05,100620.547,24.648,-8.016,-17.665,0,0,BROKEN,CONFIRMED
143.476,1,1,1,1,0,DESCENT,11.962,-6.634,-3.054,-17.206,-1.164,6.626,2.669,26.499,-14.841,-43.602,-0.092,-0.647,-0.179,-0.736,37.04,100631.445,24.513,-8.523,-12.251,0,0,BROKEN,CONFIRMED
143.527,1,1,1,1,0,DESCENT,11.98,-7.141,-5.226,-18.455,-0.885,6.887,1.758,38.472,-18.201,-33.363,-0.033,-0.516,-0.134,-0.846,37.03,100625.914,24.341,-8.729,-5.177,0,0,BROKEN,CONFIRMED
143.577,1,1,1,1,0,DESCENT,11.973,-8.533,-6.561,-16.77,-1.419,7.071,-1.62,46.431,-19.105,-20.845,-0.002,-0.357,-0.106,-0.928,37.01,100648.547,24.16,-8.607,0.235,0,0,BROKEN,CONFIRMED
143.629,1,1,1,1,0,DESCENT,11.984,-5.54,-5.843,-15.987,-3.554,6.947,-5.969,48.424,-17.891,-4.028,-0.085,-0.166,-0.082,-0.979,37,100683.969,23.89,-8.348,3.552,0,0,BROKEN,CONFIRMED
143.68,1,1,1,1,0,DESCENT,11.988,-2.588,-4.409,-15.61,-6.405,5.292,-8.29,46.623,-6.027,13.582,-0.261,0.018,-0.005,-0.965,37.01,100710.828,23.464,-8.144,4.711,0,0,BROKEN,CONFIRMED
143.731,1,1,1,1,0,DESCENT,11.966,0.425,-0.414,-16.254,-9.051,1.286,-9.729,37.681,5.667,28.398,-0.463,0.156,0.162,-0.857,36.99,100714.688,22.901,-8.06,4.667,0,0,BROKEN,CONFIRMED
143.782,1,1,1,1,0,DESCENT,11.977,-0.132,4.647,-20.23,-8.546,-3.704,-8.485,27.269,7.297,36.204,-0.591,0.198,0.394,-0.676,37,100702.734,22.298,-8.024,5.017,0,0,BROKEN,CONFIRMED
143.833,1,1,1,1,0,DESCENT,11.982,-5.66,9.25,-24.573,-4.825,-6.139,-6.19,25.443,-1.847,36.537,-0.606,0.132,0.611,-0.493,36.99,100712.352,21.732,-7.934,5.537,0,0,BROKEN,CONFIRMED
143.884,1,1,1,1,0,DESCENT,11.965,-7.578,9.46,-25.624,-0.968,-4.818,-1.659,33.839,-3.893,28.704,-0.55,0.039,0.734,-0.397,37,100693.352,21.215,-7.819,4.308,0,0,BROKEN,CONFIRMED
143.935,1,1,1,1,0,DESCENT,11.98,-8.881,8.274,-23.82,2.251,-1.598,3.69,41.343,-0.151,20.72,-0.48,0.017,0.767,-0.426,37,100675.867,20.769,-7.743,1.792,0,0,BROKEN,CONFIRMED
143.986,1,1,1,1,0,DESCENT,12,-6.992,11.333,-20.28,4.7,0.094,7.69,43.844,-5.032,15.421,-0.399,0.082,0.718,-0.564,37.01,100674.359,20.395,-7.683,0.775,0,0,BROKEN,CONFIRMED
144.036,1,1,1,1,0,DESCENT,11.979,-4.993,6.212,-17.742,7.246,-0.919,8.767,45.142,-15.704,13.811,-0.278,0.162,0.588,-0.742,37.02,100684.797,20.095,-7.531,1.32,0,0,BROKEN,CONFIRMED
144.087,1,1,1,1,0,DESCENT,11.989,-1.772,3.412,-13.617,7.099,-3.291,9.055,39.785,-27.783,14.832,-0.102,0.19,0.397,-0.892,37.02,100691.836,19.839,-7.333,1.203,0,0,BROKEN,CONFIRMED
144.138,1,1,1,1,0,DESCENT,11.97,-2.786,3.004,-15.947,4.969,-6.112,9.366,33.507,-37.005,19.177,0.121,0.144,0.2,-0.962,37.02,100709.328,19.548,-7.088,1.772,0,0,BROKEN,CONFIRMED
144.189,1,1,1,1,0,DESCENT,11.97,-5.739,5.415,-17.95,2.482,-6.746,10.856,27.608,-44.06,17.818,0.368,0.034,0.036,-0.929,37.03,100724.461,19.275,-6.857,3.652,0,0,BROKEN,CONFIRMED
144.24,1,1,1,1,0,DESCENT,11.989,-5.789,6.172,-19.298,0.832,-6.143,11.666,21.756,-49.704,16.487,0.614,-0.102,-0.073,-0.779,37.03,100731.5,18.949,-6.594,5.941,0,0,BROKEN,CONFIRMED
144.291,1,1,1,1,0,DESCENT,11.962,-2.816,4.727,-19.03,0.205,-5.759,9.796,9.118,-57.065,15.59,0.792,-0.225,-0.137,-0.55,37.02,100745.797,18.589,-6.288,7.513,0,0,BROKEN,CONFIRMED
144.341,1,1,1,1,0,DESCENT,11.992,-1.255,3.024,-19.12,0.167,-6.271,6.962,-4.878,-54.405,18.502,0.867,-0.321,-0.203,-0.323,37.03,100739.602,18.212,-5.989,7.424,0,0,BROKEN,CONFIRMED
144.392,1,1,1,1,0,DESCENT,11.997,-1.434,1.828,-19.675,0.356,-6.744,4.828,-13.334,-47.891,22.557,0.866,-0.384,-0.291,-0.136,37.03,100736.188,17.844,-5.74,6.071,0,0,BROKEN,CONFIRMED
144.443,1,1,1,1,0,DESCENT,11.967,-2.379,2.515,-20.875,-0.495,-6.831,4.794,-14.653,-40.831,28.48,0.814,-0.43,-0.388,0.035,37.03,100740.656,17.499,-5.565,4.106,0,0,BROKEN,CONFIRMED
144.493,1,1,1,1,0,DESCENT,11.959,-3.582,3.89,-21.37,-0.956,-5.934,6.37,-7.975,-36.616,33.727,0.721,-0.479,-0.455,0.21,37.03,100733.617,17.184,-5.466,2.047,0,0,BROKEN,CONFIRMED
144.544,1,1,1,1,0,DESCENT,11.98,-4.476,4.956,-21.38,-1.482,-4.45,8.476,-1.585,-35.655,36.032,0.591,-0.542,-0.46,0.382,37.04,100728.695,16.901,-5.442,-0.17,0,0,BROKEN,CONFIRMED
144.595,1,1,1,1,0,DESCENT,12.003,-4.079,5.454,-19.923,-1.314,-2.471,10.116,0.07,-38.12,33.142,0.42,-0.617,-0.387,0.541,37.05,100734.461,16.643,-5.5,-2.352,0,0,BROKEN,CONFIRMED
144.646,1,1,1,1,0,DESCENT,11.955,-1.753,4.06,-18.118,-0.533,-1.601,10.075,-2.733,-39.957,30.775,0.231,-0.676,-0.25,0.654,37.04,100718.258,16.408,-5.648,-4.931,0,0,BROKEN,CONFIRMED
144.697,1,1,1,1,0,DESCENT,11.98,0.256,2.456,-17.057,0.205,-1.982,8.334,-11.926,-38.4,31.84,0.056,-0.685,-0.099,0.72,37.06,100724.852,16.178,-5.896,-6.802,0,0,BROKEN,CONFIRMED
144.748,1,1,1,1,0,DESCENT,11.971,2.731,0.503,-16.77,0.376,-2.951,6.066,-19.2,-29.458,32.861,-0.076,-0.642,0.033,0.762,37.06,100727.188,16.019,-6.087,-6.537,0,0,BROKEN,CONFIRMED
144.799,1,1,1,1,0,DESCENT,11.996,3.516,-0.244,-16.423,0.417,-3.887,4.952,-21.36,-19.978,36.227,-0.17,-0.559,0.138,0.8,37.06,100727.188,15.87,-6.204,-4.891,0,0,BROKEN,CONFIRMED
144.85,1,1,1,1,0,DESCENT,11.966,3.318,-1.779,-16.334,0.089,-4.957,3.617,-17.506,-11.452,40.001,-0.236,-0.443,0.223,0.835,37.05,100728.477,15.724,-6.215,-2.68,0,0,BROKEN,CONFIRMED
144.901,1,1,1,1,0,DESCENT,11.97,2.144,-3.114,-16.77,-0.203,-5.812,2.448,-9.549,-6.977,43.019,-0.266,-0.305,0.284,0.869,37.06,100731.891,15.593,-6.101,-0.317,0,0,BROKEN,CONFIRMED
144.952,1,1,1,1,0,DESCENT,11.987,2.751,-2.994,-17.057,-1.078,-6.474,1.385,2.763,-5.215,45.374,-0.27,-0.144,0.325,0.895,37.05,100732.109,15.484,-5.864,1.759,0,0,BROKEN,CONFIRMED
145.003,1,1,1,1,0,DESCENT,11.98,2.731,-3.413,-17.811,-1.426,-7.482,0.069,15.137,-7.502,41.128,-0.236,0.025,0.34,0.91,37.05,100742.547,15.39,-5.541,3.244,0,0,BROKEN,CONFIRMED
145.054,1,1,1,1,0,DESCENT,11.981,-0.251,-3.263,-19.923,-1.27,-8.257,-0.938,45.972,-16.697,5.579,-0.155,0.211,0.345,0.901,37.05,100746.188,15.297,-5.183,4.078,0,0,BROKEN,CONFIRMED
145.106,1,1,1,1,0,DESCENT,11.966,-0.977,-2.685,-21.668,-1.012,-8.156,-1.583,48.792,-14.751,-14.632,-0.046,0.386,0.347,0.853,37.03,100746.641,15.193,-4.834,4.077,0,0,BROKEN,CONFIRMED
145.157,1,1,1,1,0,DESCENT,11.951,-4.874,-2.675,-22.372,-0.519,-8.173,-1.311,41.946,-11.388,-29.774,0.071,0.543,0.343,0.763,37.04,100749.82,15.048,-4.519,2.189,0,0,BROKEN,CONFIRMED
145.208,1,1,1,1,0,DESCENT,11.987,-4.894,-2.914,-22.065,-0.633,-6.799,-0.375,30.8,-9.163,-43.152,0.16,0.669,0.322,0.651,37.04,100746.406,14.932,-4.387,-0.555,0,0,BROKEN,CONFIRMED
145.259,1,1,1,1,0,DESCENT,11.965,-6.405,-2.386,-21.688,-1.01,-4.903,0.325,19.211,-9.386,-48.601,0.225,0.754,0.279,0.55,37.03,100741.938,14.833,-4.403,-3.951,0,0,BROKEN,CONFIRMED
145.31,1,1,1,1,0,DESCENT,11.994,-4.954,-2.426,-20.419,-1.41,-2.743,1.221,10.808,-6.294,-50.697,0.264,0.802,0.223,0.488,37.04,100748.758,14.746,-4.572,-7.117,0,0,BROKEN,CONFIRMED
145.361,1,1,1,1,0,DESCENT,11.976,-3.502,-1.948,-18.783,-1.512,-0.943,1.969,7.213,-4.825,-49.642,0.287,0.817,0.158,0.475,37.04,100744.07,14.654,-4.876,-9.618,0,0,BROKEN,CONFIRMED
145.412,1,1,1,1,0,DESCENT,11.978,-1.444,-2.038,-17.89,-1.716,-0.081,2.268,5.936,-0.376,-48.931,0.299,0.813,0.089,0.491,37.04,100746.406,14.543,-5.279,-11.251,0,0,BROKEN,CONFIRMED
145.464,1,1,1,1,0,DESCENT,11.981,-1.832,-3.662,-17.771,-1.836,-0.01,2.86,8.718,3.119,-48.22,0.305,0.801,0.012,0.516,37.04,100753.445,14.412,-5.738,-11.886,0,0,BROKEN,CONFIRMED
145.515,1,1,1,1,0,DESCENT,11.972,-2.916,-4.01,-17.394,-2.402,0.412,3.208,11.442,5.822,-46.202,0.309,0.777,-0.074,0.544,37.02,100739.828,14.272,-6.177,-11.299,0,0,BROKEN,CONFIRMED
145.565,1,1,1,1,0,DESCENT,11.951,-4.516,-3.592,-17.662,-2.919,1.023,3.441,15.339,11.321,-42.226,0.316,0.734,-0.17,0.576,37.02,100742.164,14.146,-6.538,-10.094,0,0,BROKEN,CONFIRMED
145.617,1,1,1,1,0,DESCENT,11.977,-8.135,-3.602,-18.039,-3.122,1.806,3.31,20.096,13.268,-38.968,0.331,0.667,-0.267,0.612,37.01,100742.398,14.011,-6.827,-7.595,0,0,BROKEN,CONFIRMED
145.668,1,1,1,1,0,DESCENT,11.995,-11.008,-3.034,-19.774,-3.025,4.247,3.084,26.807,15.046,-31.573,0.351,0.568,-0.346,0.659,36.99,100742.836,13.926,-6.879,-4.015,0,0,BROKEN,CONFIRMED
145.719,1,1,1,1,0,DESCENT,11.973,-13.811,-2.994,-20.815,-2.296,7.197,2.345,35.228,14.889,-19.889,0.388,0.416,-0.38,0.729,36.98,100733.68,13.86,-6.704,0.623,0,0,BROKEN,CONFIRMED
145.77,1,1,1,1,0,DESCENT,11.977,-13.006,-1.719,-21.4,-1.315,9.656,1.397,42.777,14.16,-4.093,0.446,0.216,-0.339,0.8,36.97,100755.016,13.817,-6.288,5.044,0,0,BROKEN,CONFIRMED
145.821,1,1,1,1,0,DESCENT,11.989,-7.618,-0.264,-23.175,-0.176,10.77,1.361,41.195,10.476,16.952,0.501,-0.016,-0.228,0.835,36.98,100795.969,13.732,-5.747,8.115,0,0,BROKEN,CONFIRMED
145.872,1,1,1,1,0,DESCENT,11.989,-0.291,-2.994,-23.661,0.902,10.709,1.785,28.046,9.731,33.171,0.508,-0.25,-0.068,0.821,36.98,100822.828,13.473,-5.281,9.323,0,0,BROKEN,CONFIRMED
145.923,1,1,1,1,0,DESCENT,11.958,5.057,-5.365,-22.977,0.662,8.744,-1.115,8.551,9.852,42.719,0.502,-0.436,0.081,0.742,36.99,100830.938,13.059,-4.97,8.656,0,0,BROKEN,CONFIRMED
145.974,1,1,1,1,0,DESCENT,11.967,9.213,-2.406,-20.716,-1.196,5.042,-4.596,-7.445,11.243,40.105,0.528,-0.566,0.128,0.62,36.97,100811.547,12.594,-4.788,6.753,0,0,BROKEN,CONFIRMED
146.025,1,1,1,1,0,DESCENT,12.011,8.557,2.545,-21.291,-1.821,-0.222,-6.088,-22.865,5.167,37.936,0.576,-0.634,0.053,0.514,36.98,100819.43,12.159,-4.682,4.935,0,0,BROKEN,CONFIRMED
146.076,1,1,1,1,0,DESCENT,11.981,5.813,3.522,-23.889,-0.231,-4.493,-4.912,-22.671,-8.447,37.419,0.624,-0.615,-0.093,0.473,36.96,100808.141,11.756,-4.624,3.704,0,0,BROKEN,CONFIRMED
146.127,1,1,1,1,0,DESCENT,11.997,1.27,1.499,-25.436,2.181,-6.758,-3.29,-13.095,-13.552,41.623,0.665,-0.504,-0.236,0.499,36.98,100820.484,11.316,-4.593,2.526,0,0,BROKEN,CONFIRMED
146.178,1,1,1,1,0,DESCENT,11.986,-1.753,0.194,-25.376,3.871,-6.838,-3.288,2.005,-8.777,44.181,0.688,-0.332,-0.346,0.544,36.98,100820.484,10.977,-4.562,2.817,0,0,BROKEN,CONFIRMED
146.229,1,1,1,1,0,DESCENT,11.981,-4.397,-4.678,-24.652,4.44,-5.629,-3.373,17.063,-0.623,39.28,0.7,-0.13,-0.415,0.566,36.98,100817.078,10.654,-4.483,3.619,0,0,BROKEN,CONFIRMED
146.28,1,1,1,1,0,DESCENT,11.973,-4.248,-5.993,-22.56,3.535,-3.901,-2.951,25.613,14.93,31.757,0.699,0.056,-0.441,0.56,36.98,100815.797,10.348,-4.368,3.899,0,0,BROKEN,CONFIRMED
146.332,1,1,1,1,0,DESCENT,11.963,-2.19,-3.074,-19.804,2.43,-2.942,-2.022,27.867,22.917,21.889,0.688,0.189,-0.448,0.539,36.98,100811.102,10.067,-4.245,3.363,0,0,BROKEN,CONFIRMED
146.382,1,1,1,1,0,DESCENT,11.987,-2.001,-2.177,-18.664,1.867,-2.301,-1.714,26.543,31.127,14.283,0.674,0.279,-0.449,0.517,36.99,100817.914,9.816,-4.141,2.37,0,0,BROKEN,CONFIRMED
146.432,1,1,1,1,0,DESCENT,11.957,-1.464,-2.058,-18.426,1.731,-1.609,-1.725,26.1,34.167,8.163,0.661,0.353,-0.441,0.494,36.99,100819.211,9.593,-4.077,1.08,0,0,BROKEN,CONFIRMED
146.484,1,1,1,1,0,DESCENT,11.978,-1.792,-2.426,-17.831,1.742,-1.35,-1.898,23.304,36.8,1.065,0.653,0.417,-0.425,0.468,36.99,100812.164,9.393,-4.064,-0.338,0,0,BROKEN,CONFIRMED
146.535,1,1,1,1,0,DESCENT,11.959,-1.693,-3.721,-17.285,0.659,-0.801,-1.304,21.665,38.374,-1.072,0.648,0.469,-0.405,0.444,36.99,100820.266,9.216,-4.092,-1.463,0,0,BROKEN,CONFIRMED
146.586,1,1,1,1,0,DESCENT,11.978,-1.564,-5.246,-16.73,-0.976,-0.184,-0.519,16.933,39.487,-5.075,0.653,0.485,-0.396,0.425,36.98,100808.758,9.046,-4.152,-1.985,0,0,BROKEN,CONFIRMED
146.637,1,1,1,1,0,DESCENT,11.971,-3.164,-6.411,-15.421,-2.862,0.388,0.809,16.094,41.635,-6.289,0.676,0.451,-0.414,0.411,36.99,100805.125,8.874,-4.214,-2.166,0,0,BROKEN,CONFIRMED
146.688,1,1,1,1,0,DESCENT,11.962,-5.431,-6.81,-14.678,-5.334,1.64,1.344,13.655,42.114,-0.336,0.721,0.353,-0.445,0.396,36.97,100785.516,8.779,-4.196,-1.206,0,0,BROKEN,CONFIRMED
146.739,1,1,1,1,0,DESCENT,11.985,-6.803,-9.311,-14.866,-7.925,3.196,1.646,17.262,39.253,9.876,0.783,0.186,-0.469,0.364,36.97,100791.5,8.753,-4.051,0.41,0,0,BROKEN,CONFIRMED
146.79,1,1,1,1,0,DESCENT,11.996,-10.879,-8.852,-14.45,-10.133,5.242,1.261,18.154,32.546,25.68,0.838,-0.056,-0.458,0.291,36.96,100794.07,8.762,-3.813,1.618,0,0,BROKEN,CONFIRMED
146.841,1,1,1,1,0,DESCENT,11.985,-6.783,-7.059,-13.686,-12.514,7.097,-0.46,13.606,14.863,40.334,0.845,-0.339,-0.386,0.148,36.96,100817.531,8.791,-3.569,0.49,0,0,BROKEN,CONFIRMED
146.892,1,1,1,1,0,DESCENT,11.986,-2.538,0.622,-15.302,-12.715,6.829,-0.373,0.115,-13.282,42.04,0.751,-0.605,-0.26,-0.057,36.94,100840.367,8.772,-3.49,-2.003,0,0,BROKEN,CONFIRMED
146.943,1,1,1,1,0,DESCENT,11.973,0.176,6.65,-15.322,-10.699,5.606,-1.284,-11.025,-44.528,26.389,0.566,-0.78,-0.113,-0.241,36.94,100842.719,8.631,-3.62,-3.899,0,0,BROKEN,CONFIRMED
146.994,1,1,1,1,0,DESCENT,11.988,0.405,11.562,-12.873,-7.468,3.74,-2.068,-15.162,-60.231,-3.247,0.368,-0.85,-0.014,-0.376,36.93,100841.656,8.407,-3.911,-6.082,0,0,BROKEN,CONFIRMED
147.045,1,1,1,1,0,DESCENT,11.978,1.608,15.128,-9.512,-1.9,1.677,-2.24,-8.74,-60.022,-28.137,0.232,-0.859,0.023,-0.456,36.93,100839.305,8.16,-4.279,-7.004,0,0,BROKEN,CONFIRMED
147.096,1,1,1,1,0,DESCENT,11.977,-0.212,13.773,-9.433,3.678,0.366,-1.979,-3.716,-52.307,-41.088,0.215,-0.844,-0.031,-0.49,36.94,100835.68,7.911,-4.685,-8.069,0,0,BROKEN,CONFIRMED
147.147,1,1,1,1,0,DESCENT,12.007,-0.112,8.214,-8.54,7.436,0.187,0.079,2.27,-51.196,-42.854,0.324,-0.799,-0.118,-0.493,36.93,100835.898,7.618,-5.183,-8.466,0,0,BROKEN,CONFIRMED
147.198,1,1,1,1,0,DESCENT,11.992,-1.047,2.087,-8.292,9.264,-0.509,-0.651,7.096,-54.27,-36.263,0.488,-0.709,-0.223,-0.457,36.95,100855.281,7.349,-5.611,-8.607,0,0,BROKEN,CONFIRMED
147.249,1,1,1,1,0,DESCENT,11.969,-0.729,-2.635,-6.815,8.99,-0.341,-1.275,10.382,-64.456,-0.833,0.63,-0.572,-0.343,-0.398,36.94,100862.539,7.036,-6.058,-8.637,0,0,BROKEN,CONFIRMED
147.3,1,1,1,1,0,DESCENT,11.958,-2.419,-7.677,-5.635,7.254,0.243,-3.775,11.467,-56.457,18.282,0.712,-0.403,-0.452,-0.355,36.96,100877.461,6.672,-6.534,-8.714,0,0,BROKEN,CONFIRMED
147.351,1,1,1,1,0,DESCENT,11.965,-0.55,-5.136,-3.107,4.58,1.306,-6.449,16.836,-41.16,30.678,0.721,-0.211,-0.533,-0.388,36.95,100874.047,6.266,-6.999,-7.964,0,0,BROKEN,CONFIRMED
147.402,1,1,1,1,0,DESCENT,11.977,0.057,-5.136,-1.719,1.931,1.1,-6.564,18.969,-25.464,35.755,0.679,-0.046,-0.564,-0.467,36.96,100880.867,5.827,-7.452,-7.749,0,0,BROKEN,CONFIRMED
147.453,1,1,1,1,0,DESCENT,11.966,0.405,-3.452,-1.034,0.156,0.354,-6.412,19.625,-14.788,37.84,0.603,0.076,-0.56,-0.563,36.95,100897.508,5.355,-7.892,-7.188,0,0,BROKEN,CONFIRMED
147.504,1,1,1,1,0,DESCENT,11.977,-1.375,-2.386,-0.618,-0.383,-0.564,-5.618,18.67,-4.564,39.487,0.507,0.158,-0.54,-0.653,36.95,100894.102,4.846,-8.334,-7.242,0,0,BROKEN,CONFIRMED
147.554,1,1,1,1,0,DESCENT,11.977,-1.166,-2.884,-1.005,-0.252,-0.659,-5.521,18.234,-2.395,39.635,0.405,0.216,-0.517,-0.723,36.94,100907.109,4.315,-8.774,-7.112,0,0,BROKEN,CONFIRMED
147.606,1,1,1,1,0,DESCENT,11.973,1.627,-3.283,-1.966,-0.173,-1.314,-5.21,18.16,2.864,39.516,0.292,0.265,-0.486,-0.78,36.95,100906.891,3.764,-9.198,-6.748,0,0,BROKEN,CONFIRMED
147.657,1,1,1,1,0,DESCENT,11.997,3.039,-3.662,-3.186,0.234,-2.611,-4.491,16.529,8.528,38.541,0.169,0.288,-0.457,-0.824,36.94,100911.805,3.199,-9.593,-6.168,0,0,BROKEN,CONFIRMED
147.707,1,1,1,1,0,DESCENT,11.974,2.671,-4.429,-4.931,0.671,-3.823,-4.599,18.415,13.589,36.162,0.037,0.273,-0.439,-0.855,36.95,100916.281,2.509,-10.002,-4.979,0,0,BROKEN,CONFIRMED
147.758,1,1,1,1,0,DESCENT,11.981,1.299,-4.728,-6.527,1.322,-4.813,-5.092,20.383,17.443,35.537,-0.12,0.227,-0.421,-0.87,36.95,100924.602,1.925,-10.283,-4.022,0,0,BROKEN,CONFIRMED
147.809,1,1,1,1,0,DESCENT,11.981,0.613,-5.873,-8.253,2.074,-5.019,-6.309,19.898,23.513,28.262,-0.301,0.164,-0.401,-0.849,36.96,100933.758,1.329,-10.515,-3.083,0,0,BROKEN,CONFIRMED
147.859,1,1,1,1,0,DESCENT,11.98,-0.212,-7.139,-9.988,2.75,-4.648,-7.721,17.769,31.354,21.517,-0.502,0.101,-0.376,-0.773,36.95,100942.078,0.729,-10.689,-1.985,0,0,BROKEN,CONFIRMED
147.91,1,1,1,1,0,DESCENT,11.973,1.319,-7.228,-10.672,2.867,-4.034,-9.073,8.468,41.032,14.018,-0.693,0.051,-0.344,-0.632,36.95,100939.734,0.132,-10.791,-0.617,0,0,BROKEN,CONFIRMED
147.961,1,1,1,1,0,DESCENT,11.981,0.405,1.31,4.994,11.145,17.008,-9.888,-7.474,43.496,7.87,-0.811,0.033,-0.436,-0.39,36.95,100901.141,-0.401,-10.295,20.474,0,0,BROKEN,CONFIRMED
148.012,1,1,1,1,0,DESCENT,11.983,42.317,-1.739,-7.876,-2.208,-6.792,-3.37,-25.649,33.231,-15.399,-0.835,0.091,-0.48,-0.252,36.96,100931.414,-0.817,-9.301,15.463,0,0,BROKEN,CONFIRMED
148.063,1,1,1,1,0,DESCENT,11.977,2.065,-1.808,1.197,-1.856,-2.687,1.505,-33.491,24.958,-10.58,-0.877,0.118,-0.376,-0.276,36.96,100923.102,-1.183,-8.534,10.936,0,0,BROKEN,CONFIRMED
148.114,1,1,1,1,0,DESCENT,11.979,0.077,-0.802,-1.362,-1.976,-2.123,1.732,-33.899,24.713,-1.956,-0.879,0.125,-0.311,-0.338,36.95,100924.602,-1.505,-8.186,2.79,0,0,BROKEN,CONFIRMED
148.165,1,1,1,1,0,DESCENT,11.981,-0.729,1.898,-4.118,-1.304,-0.958,3.198,-31.595,28.278,4.611,-0.864,0.131,-0.265,-0.408,36.97,100924.156,-1.801,-8.115,-1.798,0,0,BROKEN,CONFIRMED
148.215,1,1,1,1,0,DESCENT,11.977,-1.007,3.482,-3.493,0.334,-0.074,3.352,-27.608,32.124,10.312,-0.828,0.116,-0.256,-0.485,36.96,100923.102,-2.081,-8.178,-3.887,0,0,BROKEN,CONFIRMED
148.267,1,1,1,1,0,DESCENT,11.988,-0.152,0.792,-2.294,2.536,0.907,3.576,-20.931,36.553,12.444,-0.783,0.069,-0.292,-0.544,36.96,100920.75,-2.399,-8.357,-5.986,0,0,BROKEN,CONFIRMED
148.318,1,1,1,1,0,DESCENT,11.976,0.444,-1.051,0.284,3.645,0.767,2.67,-14.592,41.443,8.689,-0.736,-0.006,-0.358,-0.575,36.97,100918.18,-2.655,-8.573,-7.379,0,0,BROKEN,CONFIRMED
148.368,1,1,1,1,0,DESCENT,11.988,2.98,-5.704,0.304,4.28,0.887,2.285,-7.468,43.437,1.063,-0.685,-0.089,-0.427,-0.584,36.97,100924.156,-2.901,-8.82,-7.766,0,0,BROKEN,CONFIRMED
148.419,1,1,1,1,0,DESCENT,11.958,24.691,-61.277,18.062,3.527,0.463,1.458,-1.034,41.869,-6.736,-0.627,-0.176,-0.512,-0.561,36.97,100920.531,-3.134,-8.88,1.054,0,0,BROKEN,CONFIRMED
148.47,1,1,1,1,0,DESCENT,11.992,-1.733,-3.592,0.79,-1.163,-0.5,3.132,5.777,37.725,-19.2,-0.591,-0.218,-0.497,-0.597,36.97,100921.805,-3.329,-8.331,4.896,0,0,BROKEN,CONFIRMED
148.52,1,1,1,1,0,DESCENT,11.997,-0.53,-4.489,0.413,-0.804,-0.109,2.768,12.602,36.518,-17.042,-0.551,-0.246,-0.457,-0.653,36.98,100929.688,-3.492,-8.062,-0.176,0,0,BROKEN,CONFIRMED
148.572,1,1,1,1,0,DESCENT,11.98,-0.898,-7.368,1.157,0.697,-0.14,1.304,17.002,35.208,-15.774,-0.514,-0.273,-0.44,-0.684,36.97,100927.57,-3.626,-7.932,-2.102,0,0,BROKEN,CONFIRMED
148.623,1,1,1,1,0,DESCENT,11.984,-2.19,-15.079,-0.449,0.875,-0.303,-0.436,18.582,33.227,-18.155,-0.498,-0.297,-0.451,-0.679,36.98,100927.352,-3.739,-7.822,-1.557,0,0,BROKEN,CONFIRMED
148.674,1,1,1,1,0,DESCENT,11.969,-0.48,-12.2,0.968,-0.09,-0.093,-0.581,19.378,34.353,-20.8,-0.511,-0.3,-0.463,-0.659,36.98,100929.688,-3.832,-7.611,0.17,0,0,BROKEN,CONFIRMED
148.725,1,1,1,1,0,DESCENT,11.99,0.981,-8.414,-1.114,-0.135,0.127,-0.636,17.77,33.55,-19.969,-0.52,-0.291,-0.468,-0.652,36.98,100920.305,-3.9,-7.37,-0.173,0,0,BROKEN,CONFIRMED
148.776,1,1,1,1,0,DESCENT,11.992,1.17,-9.888,-0.311,0.046,-0.052,-0.243,15.792,35.06,-18.028,-0.527,-0.286,-0.473,-0.645,36.98,100921.367,-3.938,-7.14,-0.573,0,0,BROKEN,CONFIRMED
148.828,1,1,1,1,0,DESCENT,11.996,0.176,-9.888,-0.509,-0.02,0.02,0.194,16.612,34.427,-20.385,-0.526,-0.289,-0.475,-0.644,36.98,100925,-3.951,-6.852,-0.476,0,0,BROKEN,CONFIRMED
148.879,1,1,1,1,0,DESCENT,11.977,0.077,-10.118,-0.37,0.005,-0.006,-0.024,16.202,34.851,-20.764,-0.522,-0.292,-0.476,-0.644,36.98,100923.719,-3.941,-6.603,-0.459,0,0,BROKEN,CONFIRMED
148.929,1,1,1,1,0,DESCENT,11.981,0.444,-9.849,-0.509,0.001,-0.002,-0.02,15.794,34.989,-18.985,-0.522,-0.293,-0.479,-0.643,36.98,100926.055,-3.909,-6.346,-0.483,0,0,BROKEN,CONFIRMED
148.98,1,1,1,1,0,DESCENT,11.981,0.176,-9.928,-0.509,0,-0.001,0.004,15.815,33.581,-19.965,-0.52,-0.296,-0.48,-0.642,36.98,100926.055,-3.86,-6.085,-0.46,0,0,BROKEN,CONFIRMED
149.031,1,1,1,1,0,DESCENT,11.97,0.335,-9.928,-0.469,-0.002,-0.001,0.004,15.808,34.028,-19.935,-0.518,-0.298,-0.482,-0.64,36.98,100925,-3.81,-5.831,-0.435,0,0,BROKEN,CONFIRMED
149.082,1,1,1,1,0,DESCENT,11.993,0.275,-9.908,-0.469,-0.001,-0.001,-0.01,15.78,35.919,-18.446,-0.517,-0.3,-0.484,-0.639,36.97,100919.234,-3.744,-5.575,-0.419,0,0,BROKEN,CONFIRMED
149.132,1,1,1,1,0,DESCENT,11.986,0.256,-9.948,-0.449,-0.003,0.001,-0.002,15.808,34.028,-19.935,-0.515,-0.302,-0.486,-0.638,36.99,100924.781,-3.66,-5.312,-0.4,0,0,BROKEN,CONFIRMED
149.184,1,1,1,1,0,DESCENT,11.962,0.295,-9.928,-0.509,0.001,-0.001,-0.001,14.991,34.554,-19.014,-0.514,-0.304,-0.488,-0.637,36.99,100925.836,-3.565,-5.05,-0.381,0,0,BROKEN,CONFIRMED
149.234,1,1,1,1,0,DESCENT,11.971,0.256,-9.908,-0.449,-0.002,-0.002,-0.004,14.575,35.389,-19.842,-0.512,-0.306,-0.49,-0.636,36.98,100920.305,-3.467,-4.795,-0.355,0,0,BROKEN,CONFIRMED
149.285,1,1,1,1,0,DESCENT,11.984,0.275,-9.928,-0.489,-0.001,0,-0.003,15.414,33.241,-18.628,-0.511,-0.308,-0.491,-0.635,36.98,100921.367,-3.357,-4.54,-0.339,0,0,BROKEN,CONFIRMED
149.336,1,1,1,1,0,DESCENT,11.985,0.275,-9.948,-0.489,-0.003,-0.001,-0.005,14.574,35.455,-18.953,-0.509,-0.31,-0.493,-0.634,36.99,100920.086,-3.231,-4.28,-0.321,0,0,BROKEN,CONFIRMED
149.387,1,1,1,1,0,DESCENT,12,0.315,-9.928,-0.449,-0.002,0.002,-0.004,17.008,34.97,-18.988,-0.507,-0.312,-0.495,-0.633,36.99,100922.43,-3.072,-3.975,-0.292,0,0,BROKEN,CONFIRMED
149.438,1,1,1,1,0,DESCENT,11.994,0.295,-9.908,-0.449,-0.003,0.001,-0.004,15.793,35.024,-18.507,-0.506,-0.314,-0.497,-0.631,36.98,100926.055,-2.937,-3.728,-0.278,0,0,BROKEN,CONFIRMED
149.489,1,1,1,1,0,DESCENT,11.965,0.275,-9.948,-0.469,-0.002,-0.002,-0.004,14.986,34.936,-19.873,-0.504,-0.316,-0.499,-0.63,36.99,100915.398,-2.791,-3.482,-0.257,0,0,BROKEN,CONFIRMED
149.54,1,1,1,1,0,DESCENT,11.973,0.275,-9.928,-0.489,-0.001,0,-0.004,15.39,34.965,-19.395,-0.503,-0.318,-0.5,-0.629,36.99,100916.461,-2.649,-3.247,-0.238,0,0,BROKEN,CONFIRMED
149.591,1,1,1,1,0,DESCENT,11.969,0.295,-9.948,-0.489,0,-0.002,-0.003,17.015,34.492,-19.428,-0.501,-0.32,-0.502,-0.628,36.99,100923.484,-2.515,-3.028,-0.222,0,0,BROKEN,CONFIRMED
149.642,1,1,1,1,0,DESCENT,11.985,0.236,-9.958,-0.489,-0.002,-0.001,-0.002,16.2,34.917,-19.875,-0.499,-0.322,-0.504,-0.627,36.99,100920.086,-2.383,-2.817,-0.202,0,0,BROKEN,CONFIRMED
149.693,1,1,1,1,0,DESCENT,11.988,0.275,-9.928,-0.469,0,-0.001,-0.002,15.795,34.958,-19.396,-0.498,-0.325,-0.506,-0.625,36.98,100923.719,-2.258,-2.619,-0.181,0,0,BROKEN,CONFIRMED
149.744,1,1,1,1,0,DESCENT,11.965,0.295,-9.908,-0.489,-0.003,-0.002,-0.005,15.403,34.07,-19.456,-0.496,-0.327,-0.508,-0.624,37,100924.555,-2.137,-2.431,-0.168,0,0,BROKEN,CONFIRMED
149.795,1,1,1,1,0,DESCENT,11.965,0.275,-9.928,-0.449,-0.001,0,-0.004,14.587,34.53,-19.424,-0.494,-0.329,-0.509,-0.623,36.99,100917.734,-2.016,-2.25,-0.15,0,0,BROKEN,CONFIRMED
149.846,1,1,1,1,0,DESCENT,11.97,0.295,-9.908,-0.449,-0.003,-0.002,-0.002,16.985,36.658,-20.234,-0.493,-0.331,-0.511,-0.622,36.99,100925.836,-1.897,-2.077,-0.138,0,0,BROKEN,CONFIRMED
149.897,1,1,1,1,0,DESCENT,11.97,0.295,-9.928,-0.469,-0.003,0,-0.003,14.574,35.425,-19.363,-0.491,-0.333,-0.513,-0.62,37,100919.859,-1.777,-1.894,-0.124,0,0,BROKEN,CONFIRMED
149.948,1,1,1,1,0,DESCENT,11.981,0.295,-9.928,-0.469,-0.004,0.001,-0.003,14.55,37.14,-19.247,-0.489,-0.335,-0.515,-0.619,37.01,100924.328,-1.675,-1.747,-0.107,0,0,BROKEN,CONFIRMED
149.999,1,1,1,1,0,DESCENT,11.981,0.315,-9.948,-0.489,-0.001,-0.001,-0.004,16.616,34.081,-19.048,-0.488,-0.337,-0.516,-0.618,36.99,100917.734,-1.574,-1.605,-0.091,0,0,BROKEN,CONFIRMED
150.05,1,1,1,1,0,DESCENT,11.978,0.295,-9.948,-0.489,-0.001,0,-0.003,15.369,36.373,-18.415,-0.486,-0.339,-0.518,-0.617,36.98,100923.719,-1.488,-1.48,-0.073,0,0,BROKEN,CONFIRMED
150.101,1,1,1,1,0,DESCENT,11.973,0.295,-9.948,-0.449,-0.003,0,-0.003,14.574,35.425,-19.363,-0.484,-0.341,-0.52,-0.615,36.99,100911.758,-1.407,-1.362,-0.055,0,0,BROKEN,CONFIRMED
150.152,1,1,1,1,0,DESCENT,11.965,0.275,-9.928,-0.469,0.001,-0.001,-0.005,15.404,34.035,-19.934,-0.483,-0.343,-0.522,-0.614,37,100924.555,-1.331,-1.252,-0.046,0,0,BROKEN,CONFIRMED
150.202,1,1,1,1,0,DESCENT,11.995,0.295,-9.948,-0.489,-0.003,-0.001,-0.003,14.588,34.495,-19.902,-0.481,-0.345,-0.523,-0.613,37,100922.211,-1.254,-1.146,-0.031,0,0,BROKEN,CONFIRMED
150.254,1,1,1,1,0,DESCENT,11.964,0.295,-9.928,-0.489,0,0.001,-0.002,16.617,34.051,-19.458,-0.479,-0.347,-0.525,-0.611,37,100924.555,-1.171,-1.037,-0.019,0,0,BROKEN,CONFIRMED
150.305,1,1,1,1,0,DESCENT,11.985,0.295,-9.888,-0.449,-0.002,0,-0.004,16.604,34.946,-19.397,-0.477,-0.349,-0.527,-0.61,37,100915.164,-1.095,-0.938,-0.012,0,0,BROKEN,CONFIRMED
150.356,1,1,1,1,0,DESCENT,11.984,0.295,-9.928,-0.489,-0.003,0,-0.004,15.795,34.958,-19.396,-0.476,-0.351,-0.529,-0.609,37.01,100924.328,-1.018,-0.843,-0.006,0,0,BROKEN,CONFIRMED
150.407,1,1,1,1,0,DESCENT,11.99,0.295,-9.948,-0.469,0.002,0,-0.003,15.384,35.412,-19.365,-0.474,-0.353,-0.531,-0.607,37,100920.93,-0.931,-0.735,0.01,0,0,BROKEN,CONFIRMED
150.459,1,1,1,1,0,DESCENT,11.969,0.315,-9.928,-0.489,-0.003,-0.001,-0.006,16.204,34.57,-18.538,-0.472,-0.356,-0.532,-0.606,37.01,100924.328,-0.871,-0.659,0.027,0,0,BROKEN,CONFIRMED
150.509,1,1,1,1,0,DESCENT,11.981,0.275,-9.888,-0.469,0,0,-0.003,15.399,34.416,-20.793,-0.47,-0.358,-0.534,-0.605,36.99,100928.188,-0.802,-0.578,0.036,0,0,BROKEN,CONFIRMED
150.56,1,1,1,1,0,DESCENT,11.972,0.275,-9.948,-0.469,-0.001,0,-0.001,14.162,35.944,-18.443,-0.468,-0.36,-0.536,-0.603,36.99,100920.086,-0.735,-0.501,0.043,0,0,BROKEN,CONFIRMED
150.612,1,1,1,1,0,DESCENT,11.955,0.295,-9.928,-0.469,0.001,-0.001,0,16.2,34.917,-19.875,-0.467,-0.362,-0.538,-0.602,37,100919.859,-0.689,-0.443,0.049,0,0,BROKEN,CONFIRMED
150.663,1,1,1,1,0,DESCENT,11.981,0.295,-9.928,-0.469,0,-0.001,-0.004,14.574,35.455,-18.953,-0.465,-0.364,-0.539,-0.601,37,100922.211,-0.649,-0.392,0.059,0,0,BROKEN,CONFIRMED
150.713,1,1,1,1,0,DESCENT,11.987,0.275,-9.928,-0.449,-0.003,-0.001,-0.004,16.207,34.434,-20.384,-0.463,-0.366,-0.541,-0.599,37,100927.969,-0.604,-0.338,0.071,0,0,BROKEN,CONFIRMED
150.764,1,1,1,1,0,DESCENT,11.974,0.315,-9.928,-0.469,-0.002,-0.001,-0.003,14.991,34.554,-19.014,-0.461,-0.368,-0.543,-0.598,36.99,100921.148,-0.552,-0.281,0.08,0,0,BROKEN,CONFIRMED
150.816,1,1,1,1,1,TOUCHDOWN,11.956,0.275,-9.948,-0.43,0,-0.001,-0.002,16.179,36.325,-18.895,-0.459,-0.37,-0.544,-0.596,37,100924.555,-0.504,-0.229,0.087,0,0,BROKEN,CONFIRMED
150.866,1,1,1,1,1,TOUCHDOWN,11.972,0.295,-9.928,-0.469,-0.002,0.001,-0.005,14.176,34.984,-19.393,-0.457,-0.372,-0.546,-0.595,37,100920.93,-0.462,-0.182,0.096,0,0,BROKEN,CONFIRMED
150.917,1,1,1,1,1,TOUCHDOWN,11.977,0.315,-9.928,-0.449,-0.002,0.001,-0.006,15.385,35.341,-20.322,-0.455,-0.374,-0.548,-0.594,37.01,100929.031,-0.41,-0.127,0.103,0,0,BROKEN,CONFIRMED
150.969,1,1,1,1,1,TOUCHDOWN,11.989,0.295,-9.928,-0.489,-0.001,0.001,-0.001,15.799,34.577,-18.537,-0.453,-0.376,-0.55,-0.592,37,100925.617,-0.377,-0.092,0.107,0,0,BROKEN,CONFIRMED
151.019,1,1,1,1,1,TOUCHDOWN,11.974,0.315,-9.928,-0.43,-0.002,-0.001,-0.004,14.996,34.178,-18.087,-0.451,-0.379,-0.551,-0.591,37,100925.617,-0.344,-0.057,0.112,0,0,BROKEN,CONFIRMED
151.07,1,1,1,1,1,TOUCHDOWN,11.981,0.295,-9.928,-0.449,-0.002,-0.001,-0.004,15.789,35.37,-19.844,-0.45,-0.381,-0.553,-0.589,37,100927.969,-0.327,-0.036,0.116,0,0,BROKEN,CONFIRMED
151.122,1,1,1,1,1,TOUCHDOWN,11.985,0.315,-9.928,-0.489,-0.002,0,-0.004,15.381,35.513,-17.997,-0.448,-0.383,-0.555,-0.588,37,100927.969,-0.314,-0.018,0.117,0,0,BROKEN,CONFIRMED
151.172,1,1,1,1,1,TOUCHDOWN,11.961,0.295,-9.928,-0.449,-0.004,0.001,-0.003,15.807,34.064,-19.456,-0.446,-0.385,-0.556,-0.586,37.02,100926.461,-0.292,0.006,0.123,0,0,BROKEN,CONFIRMED
151.223,1,1,1,1,1,TOUCHDOWN,11.98,0.295,-9.948,-0.509,-0.002,0,-0.004,13.75,36.569,-21.122,-0.444,-0.387,-0.558,-0.585,37.01,100926.68,-0.265,0.033,0.129,0,0,BROKEN,CONFIRMED
151.274,1,1,1,1,1,TOUCHDOWN,11.992,0.295,-9.948,-0.509,0.002,-0.001,-0.003,15.389,34.995,-18.985,-0.442,-0.389,-0.56,-0.583,37,100930.305,-0.243,0.055,0.134,0,0,BROKEN,CONFIRMED
